POS,Name,B,T,G,GS,PA,AB,H,1B,2B,3B,HR,RBI,R,BB,BB%,IBB,HP,SH,SF,K,K%,GIDP,EBH,TB,AVG,OBP,SLG,RC,RC/27,ISO,wOBA,OPS,OPS+,BABIP,WPA,wRC,wRC+,wRAA,WAR,PI/PA,SB,CS,SB%,wSB,UBR
SP,Yahya Kanoro,L,L,44,41,192,170,43,28,7,1,7,24,24,18,9.4,1,2,0,2,47,24.5,4,15,73,.253,.328,.429,24.3,4.9,.176,.332,.758,108,.305,0.06,23,105,1.1,0.6,3.99,0,0,0.0,0.0,0.3
SP,Ricky Zika,R,R,40,40,171,145,29,15,7,0,7,22,23,23,13.5,2,0,0,3,17,9.9,5,14,57,.200,.304,.393,17.6,3.8,.193,.303,.697,89,.177,0.05,17,83,-3.1,0.1,4.09,0,0,0.0,0.0,0.4
C,Joe Adams,R,R,45,44,190,160,36,19,8,0,9,30,19,26,13.7,0,3,0,1,39,20.5,3,17,71,.225,.342,.444,25.8,5.4,.219,.351,.786,112,.239,1.02,26,115,3.9,1.2,4.01,0,0,0.0,0.0,0.3
C,Hunter Begley,S,R,44,43,191,163,36,21,10,0,5,18,28,25,13.1,0,1,1,1,26,13.6,4,15,61,.221,.326,.374,20.9,4.2,.153,.317,.701,93,.233,-0.33,21,95,-1.3,0.8,4.10,0,0,0.0,0.0,-0.8
C,Ray Boos,R,R,46,43,196,182,62,43,9,0,10,42,31,11,5.6,0,2,0,1,45,23.0,4,19,101,.341,.383,.555,38.0,8.2,.214,.409,.938,152,.406,1.18,36,152,13.3,2.0,4.06,0,0,0.0,0.0,-1.5
C,Allen Braun,S,R,45,44,189,171,45,26,10,0,9,38,22,12,6.3,1,3,2,1,45,23.8,4,19,82,.263,.321,.480,25.8,5.2,.216,.343,.800,118,.305,0.17,24,113,2.7,1.2,4.01,0,0,0.0,0.0,-0.0
C,Cole Chermak,R,R,40,39,183,153,34,24,4,0,6,19,16,27,14.8,0,1,0,1,36,19.7,2,10,56,.222,.341,.366,21.0,4.7,.144,.323,.707,99,.250,-0.42,21,106,-0.3,0.7,4.38,0,0,0.0,0.0,-3.9
C,Tae-kyun Choi,R,R,42,41,178,166,43,30,9,0,4,19,16,9,5.1,0,0,3,0,20,11.2,2,13,64,.259,.297,.386,19.1,4.0,.127,.299,.683,86,.275,-0.79,17,82,-3.8,0.6,3.78,0,0,0.0,0.0,0.1
C,Mark Crowley,R,R,43,43,196,185,53,40,13,0,0,16,19,8,4.1,0,2,0,1,35,17.9,3,13,66,.286,.321,.357,21.2,4.2,.070,.306,.678,86,.351,-0.53,19,87,-3.1,0.3,3.98,0,0,0.0,0.0,-3.6
C,Dante Cuadra,R,R,45,45,189,168,40,28,8,0,4,27,18,18,9.5,0,1,0,2,38,20.1,2,12,60,.238,.312,.357,19.9,4.1,.119,.303,.669,84,.281,-0.24,18,84,-3.4,0.4,4.12,0,0,0.0,0.0,-1.0
C,Alrigo Dini,R,R,44,44,191,163,59,44,9,1,5,21,20,25,13.1,0,1,1,1,23,12.0,2,15,85,.362,.447,.521,40.3,10.1,.160,.428,.969,158,.397,1.81,38,161,15.9,2.3,3.96,0,0,0.0,0.0,-0.9
C,Roberto Fondin,R,R,45,44,190,166,23,17,2,0,4,16,14,19,10.0,0,3,0,2,42,22.1,7,6,37,.139,.237,.223,8.8,1.6,.084,.221,.460,26,.156,-1.21,6,25,-16.2,-1.0,4.10,0,0,0.0,0.0,-0.8
C,Merlin Garbie,R,R,44,44,191,172,46,24,8,1,13,43,24,18,9.4,2,1,0,0,57,29.8,5,22,95,.267,.340,.552,31.2,6.4,.285,.379,.893,141,.324,1.10,30,136,8.3,1.6,4.09,0,0,0.0,0.0,-2.1
C,Andy Gonzales,R,R,46,43,208,183,54,32,8,0,14,39,31,23,11.1,0,0,1,1,47,22.6,4,22,104,.295,.372,.568,39.7,7.9,.273,.405,.940,156,.325,1.16,37,155,13.5,2.4,4.00,4,0,100.0,0.8,-1.3
C,Ryan Jarnagin,S,R,50,50,224,191,50,42,3,0,5,32,21,24,10.7,0,6,0,3,23,10.3,3,8,68,.262,.357,.356,26.6,4.9,.094,.329,.713,99,.271,0.83,27,101,0.6,0.7,3.93,0,0,0.0,0.0,-0.6
C,O-jun Joh,R,R,44,44,178,160,36,28,5,0,3,13,16,16,9.0,0,2,0,0,36,20.2,3,8,50,.225,.303,.312,15.7,3.3,.087,.285,.616,69,.273,-0.04,15,70,-5.8,0.3,3.98,0,0,0.0,0.0,-0.9
C,Eloy Laca,R,R,43,43,200,175,43,35,7,1,0,23,22,19,9.5,1,2,3,1,42,21.0,3,8,52,.246,.325,.297,18.1,3.5,.051,.283,.622,74,.321,-0.24,16,74,-7.0,0.2,4.00,0,0,0.0,0.0,-0.5
C,Valerik Mirxayan,R,R,45,43,183,168,40,27,6,1,6,22,17,13,7.1,1,0,1,1,59,32.2,4,13,66,.238,.291,.393,18.8,3.8,.155,.298,.684,88,.327,0.43,17,81,-4.1,0.2,4.21,0,0,0.0,0.0,-2.6
C,Jose Neria,R,R,44,44,179,157,43,24,12,1,6,29,19,19,10.6,0,2,0,1,37,20.7,3,19,75,.274,.358,.478,27.6,6.3,.204,.368,.835,130,.322,-0.04,27,132,6.3,1.0,4.07,0,0,0.0,0.0,-4.6
C,Angel Ramirez,R,R,44,44,193,170,39,27,7,0,5,22,20,22,11.4,1,0,0,1,39,20.2,3,12,61,.229,.316,.359,20.1,4.0,.129,.303,.675,86,.268,-0.33,19,84,-3.4,0.5,4.20,0,0,0.0,0.0,-1.6
C,Tom Sarmiento,R,R,45,43,194,183,48,28,8,1,11,30,27,7,3.6,0,4,0,0,42,21.6,3,20,91,.262,.304,.497,27.1,5.3,.235,.349,.801,114,.285,0.54,26,116,3.7,1.2,3.72,0,0,0.0,0.0,-1.4
C,Tom Schwartzmiller,R,R,43,43,178,155,31,24,3,0,4,12,20,20,11.2,0,2,0,1,37,20.8,4,7,46,.200,.298,.297,14.4,3.0,.097,.278,.595,67,.235,-0.73,14,74,-6.8,0.1,4.04,0,0,0.0,0.0,-1.6
C,Taiji Taira,R,R,44,43,187,165,37,31,5,1,0,9,19,18,9.6,0,3,0,1,45,24.1,4,6,44,.224,.310,.267,14.7,3.0,.042,.273,.577,58,.306,-1.02,14,60,-7.9,-0.4,4.24,2,0,100.0,0.3,-3.5
C,Carlos Tenorio,R,R,44,44,191,167,45,38,3,0,4,15,16,22,11.5,0,1,0,1,45,23.6,6,7,60,.269,.356,.359,21.6,4.5,.090,.329,.715,97,.345,0.05,23,102,0.6,0.5,4.08,0,0,0.0,0.0,-3.8
1B,Tucker Adrian,L,L,56,56,232,202,60,39,9,1,11,44,30,22,9.5,0,5,0,3,48,20.7,4,21,104,.297,.375,.515,39.8,7.2,.218,.389,.890,142,.336,1.91,39,143,12.1,1.5,4.09,0,1,0.0,-0.8,0.5
1B,Raymilson Bayam,R,R,54,54,251,211,45,25,12,0,8,27,29,34,13.5,1,2,2,2,58,23.1,7,20,81,.213,.325,.384,27.5,4.2,.171,.316,.709,99,.252,-1.12,27,101,-1.9,0.7,4.11,2,0,100.0,0.3,1.6
1B,Neosbel Benavides,L,R,47,47,200,174,53,23,17,2,11,36,29,24,12.0,0,1,0,1,45,22.5,4,30,107,.305,.390,.615,41.6,8.8,.310,.430,1.005,173,.353,1.49,40,173,17.1,1.8,4.07,0,1,0.0,-0.7,-0.9
1B,Jose Buezo,S,R,41,41,187,154,39,21,11,1,6,25,21,29,15.5,1,2,0,2,36,19.3,3,18,70,.253,.374,.455,28.2,6.4,.201,.366,.829,125,.289,1.49,28,125,6.1,0.8,4.10,0,0,0.0,0.0,-0.5
1B,Karl Cooper,L,L,53,53,236,206,73,42,16,1,14,51,37,30,12.7,1,0,0,0,39,16.5,7,31,133,.354,.436,.646,57.2,11.0,.291,.463,1.082,191,.386,2.21,54,195,26.5,2.6,4.01,0,0,0.0,0.0,-2.3
1B,Jeremy Curzon,R,R,55,55,243,212,60,34,12,1,13,28,37,26,10.7,0,5,0,0,61,25.1,6,26,113,.283,.374,.533,42.3,7.2,.250,.397,.908,144,.341,1.69,42,147,14.2,1.4,4.07,0,0,0.0,0.0,-4.5
1B,Carlos Dorame,S,R,55,55,226,205,40,27,5,2,6,21,28,20,8.8,0,0,0,1,57,25.2,0,13,67,.195,.265,.327,20.3,3.3,.132,.268,.592,62,.238,-1.19,16,60,-10.5,-0.5,3.98,12,2,85.7,1.7,0.9
1B,Chris Eighmy,L,L,53,48,218,194,57,31,10,2,14,44,32,21,9.6,0,1,0,2,63,28.9,2,26,113,.294,.362,.582,42.3,8.1,.289,.406,.945,144,.361,2.17,39,139,14.2,1.3,4.22,0,0,0.0,0.0,-1.5
1B,Cheng-qian Eng,L,L,48,45,192,164,41,31,3,0,7,24,21,22,11.5,2,3,0,3,39,20.3,3,10,65,.250,.344,.396,23.8,5.0,.146,.327,.740,99,.281,-0.15,22,96,0.2,-0.0,4.09,0,0,0.0,0.0,-1.0
1B,Xadreque Esperana,L,L,55,55,256,217,69,41,14,0,14,41,40,31,12.1,0,6,0,2,35,13.7,3,28,125,.318,.414,.576,54.6,9.6,.258,.431,.990,171,.324,2.49,52,173,21.9,2.1,3.96,0,0,0.0,0.0,-3.2
1B,Sergio Folha,L,L,54,54,241,206,52,32,9,1,10,38,33,31,12.9,2,1,0,3,48,19.9,3,20,93,.252,.349,.451,35.5,6.0,.199,.348,.800,119,.278,0.14,32,115,4.5,0.7,4.09,6,0,100.0,1.2,-2.3
1B,Alex Guilzar,R,R,56,56,257,215,54,30,14,0,10,39,31,34,13.2,5,2,0,6,54,21.0,6,24,98,.251,.350,.456,35.7,5.6,.205,.341,.806,120,.280,-0.01,33,111,3.3,0.3,4.21,0,0,0.0,0.0,-3.4
1B,Cole Hickey,R,R,54,53,238,216,66,38,19,1,8,33,37,17,7.1,2,2,0,3,46,19.3,9,28,111,.306,.357,.514,36.9,6.1,.208,.373,.871,136,.352,0.21,37,132,9.2,1.0,3.97,0,1,0.0,-0.7,-1.5
1B,Chris Hodges,R,L,54,51,227,202,61,38,9,0,14,37,35,22,9.7,1,2,0,1,40,17.6,4,23,112,.302,.374,.554,42.3,7.8,.252,.401,.929,155,.315,1.38,40,155,13.9,1.5,4.12,0,0,0.0,0.0,-3.0
1B,Michiyo Kazama,S,R,56,56,250,229,59,43,9,0,7,27,26,16,6.4,0,4,0,1,62,24.8,6,16,89,.258,.316,.389,27.7,4.2,.131,.316,.705,98,.323,0.30,27,101,-1.8,-0.0,4.02,0,0,0.0,0.0,-3.4
1B,Bu-wei Kuang,R,R,56,56,244,215,53,32,8,0,13,34,27,25,10.2,0,3,0,1,48,19.7,4,21,100,.247,.332,.465,34.0,5.5,.219,.352,.797,115,.258,2.01,34,114,5.3,0.5,3.93,0,0,0.0,0.0,-1.3
1B,Sung-hyo Kym,L,L,49,45,209,187,50,30,11,0,9,36,27,17,8.1,1,3,0,2,43,20.6,1,20,88,.267,.335,.471,31.2,6.0,.203,.350,.806,121,.299,1.30,28,121,4.3,1.0,4.10,1,0,100.0,0.1,-0.4
1B,Mario Murillo,R,R,55,54,238,202,52,33,10,1,8,30,26,29,12.2,0,2,0,5,45,18.9,5,19,88,.257,.349,.436,32.3,5.5,.178,.348,.784,116,.286,-0.11,32,116,4.3,0.4,4.28,0,0,0.0,0.0,-1.0
1B,Rickey Pfau,R,R,53,52,253,216,52,30,13,4,5,27,40,34,13.4,0,1,2,0,52,20.6,1,22,88,.241,.347,.407,34.7,5.5,.167,.337,.754,107,.296,1.66,32,109,2.5,1.1,4.18,12,2,85.7,1.7,1.6
1B,Lan-quing Qiu,R,R,43,42,184,173,44,33,6,0,5,17,17,9,4.9,0,1,0,1,43,23.4,3,11,65,.254,.293,.376,18.3,3.7,.121,.298,.669,79,.310,0.11,17,77,-4.0,-0.5,3.99,1,2,33.3,-1.0,-3.9
1B,Ordanis Regueira,R,R,51,51,213,182,51,34,15,0,2,20,25,26,12.2,0,1,2,2,38,17.8,1,17,72,.280,.370,.396,29.3,5.8,.115,.344,.765,108,.340,0.55,28,112,3.2,0.7,4.21,0,0,0.0,0.0,0.2
1B,Osmel Rivera,R,R,53,53,222,199,47,31,9,0,7,36,29,15,6.8,0,5,0,3,33,14.9,5,16,77,.236,.302,.387,23.7,4.0,.151,.308,.689,90,.247,0.14,22,87,-3.2,0.3,3.86,2,0,100.0,0.3,1.8
1B,Manny Sagastisado,R,R,39,38,175,149,43,31,8,1,3,23,18,20,11.4,0,2,3,1,22,12.6,3,12,62,.289,.378,.416,25.1,6.0,.128,.353,.794,118,.320,0.20,24,119,3.9,0.4,4.17,2,0,100.0,0.3,-1.2
1B,Trevor Short,L,L,54,53,228,198,55,35,11,2,7,31,28,28,12.3,2,1,0,1,48,21.1,5,20,91,.278,.368,.460,34.1,6.2,.182,.362,.828,124,.333,1.10,33,119,6.8,0.8,3.86,0,0,0.0,0.0,-1.9
1B,Jim Snook,L,R,57,56,261,236,86,59,18,1,8,35,44,22,8.4,1,2,1,0,37,14.2,2,27,130,.364,.423,.551,57.5,10.1,.186,.424,.974,155,.408,2.22,51,152,21.0,1.9,3.76,7,1,87.5,0.9,-1.1
1B,Tan Tsung,R,R,57,57,243,216,61,47,8,1,5,32,23,25,10.3,0,0,0,2,38,15.6,5,14,86,.282,.354,.398,31.2,5.2,.116,.339,.752,107,.320,0.61,31,110,2.7,0.2,3.85,0,0,0.0,0.0,-2.9
1B,Dennis Videaux,R,R,53,53,229,205,53,35,6,0,12,34,30,19,8.3,0,3,0,2,38,16.6,5,18,95,.259,.328,.463,31.1,5.3,.205,.348,.791,113,.261,-0.08,31,114,4.2,0.8,3.83,0,0,0.0,0.0,-0.5
1B,Jason Wedel,L,L,56,55,219,205,53,37,9,0,7,26,17,11,5.0,0,0,0,3,51,23.3,3,16,83,.259,.292,.405,24.3,4.2,.146,.307,.697,88,.307,-0.07,22,83,-3.4,-0.4,3.94,0,0,0.0,0.0,-0.9
1B,Harold Wicks,R,R,54,54,255,204,71,43,12,4,12,47,46,44,17.3,1,3,0,4,35,13.7,3,28,127,.348,.463,.623,66.1,12.5,.275,.463,1.085,200,.366,3.78,58,202,28.6,3.9,4.27,18,3,85.7,2.5,-0.2
2B,Al Anzaldua,R,R,42,42,182,163,44,26,12,2,4,25,26,9,4.9,0,4,4,2,22,12.1,4,18,72,.270,.320,.442,23.2,4.8,.172,.328,.762,106,.288,0.54,21,100,0.3,1.2,3.73,2,0,100.0,0.3,0.0
2B,Adir Barrabi,R,R,54,54,240,208,51,31,13,1,6,40,30,27,11.2,0,2,0,3,72,30.0,6,20,84,.245,.333,.404,28.7,4.7,.159,.330,.737,100,.338,-0.07,29,102,0.9,0.4,4.28,0,0,0.0,0.0,-0.8
2B,Jack Bird,R,R,52,52,234,204,53,36,11,2,4,21,22,22,9.4,0,3,4,1,32,13.7,2,17,80,.260,.339,.392,29.1,5.0,.132,.324,.731,106,.290,0.73,27,107,-0.2,1.2,3.83,1,0,100.0,0.0,-1.8
2B,Sandy Canizares,S,R,52,50,252,218,65,40,22,0,3,22,38,30,11.9,0,2,0,2,32,12.7,0,25,96,.298,.385,.440,40.6,7.1,.142,.370,.825,129,.335,0.99,38,135,9.1,1.1,3.99,0,0,0.0,0.0,-2.7
2B,Axel Castiglione,L,R,49,43,179,153,28,19,8,0,1,13,11,22,12.3,0,3,0,1,42,23.5,5,9,39,.183,.296,.255,12.5,2.6,.072,.265,.551,53,.243,-0.72,12,57,-8.9,-0.4,4.02,1,0,100.0,0.1,0.9
2B,Han-lee Choi,R,R,52,52,206,177,51,36,12,0,3,12,12,23,11.2,0,1,3,2,39,18.9,3,15,72,.288,.369,.407,28.3,5.7,.119,.345,.776,109,.350,-0.02,27,109,3.3,0.7,4.13,0,0,0.0,0.0,-1.5
2B,DeMario Custodio,R,R,50,49,229,216,60,38,13,0,9,38,35,10,4.4,0,1,0,2,49,21.4,4,22,100,.278,.310,.463,30.4,5.0,.185,.337,.773,107,.319,1.17,29,107,2.2,1.9,3.97,6,2,75.0,0.3,3.2
2B,Joel Feldewerth,R,R,50,48,223,182,45,32,11,1,1,16,38,32,14.3,0,3,6,0,37,16.6,1,13,61,.247,.369,.335,28.0,5.2,.088,.321,.704,98,.306,1.51,25,104,-0.7,1.1,3.96,15,2,88.2,2.4,2.8
2B,Jordan Flores,R,R,53,50,234,193,55,43,6,1,5,18,34,36,15.4,0,0,4,1,30,12.8,5,12,78,.285,.396,.404,33.1,6.0,.119,.359,.800,122,.314,0.45,34,124,6.5,1.1,4.03,0,0,0.0,0.0,-0.5
2B,Carlos Garza,L,R,53,50,210,192,59,50,4,0,5,21,22,16,7.6,0,1,1,0,32,15.2,6,9,78,.307,.364,.406,27.6,5.3,.099,.346,.770,113,.348,-0.03,28,115,3.6,0.9,3.78,0,0,0.0,0.0,-2.0
2B,Dusty Kenison,R,R,52,52,229,181,56,40,13,0,3,31,32,26,11.4,0,1,16,5,26,11.4,1,16,78,.309,.390,.431,33.5,6.1,.122,.341,.821,127,.338,0.37,29,111,3.0,0.8,3.83,0,2,0.0,-1.3,1.3
2B,Hisatada Konda,R,R,52,52,216,194,39,29,9,0,1,11,14,17,7.9,0,1,3,1,58,26.9,3,10,51,.201,.268,.263,14.4,2.4,.062,.244,.530,46,.279,-2.04,11,40,-14.4,-0.2,4.13,0,0,0.0,0.0,-0.1
2B,Chris Kouri,R,R,52,51,212,189,50,27,10,3,10,29,28,20,9.4,0,2,0,1,39,18.4,3,23,96,.265,.340,.508,33.6,6.3,.243,.369,.848,128,.284,1.14,32,127,7.5,2.0,4.04,2,0,100.0,0.3,0.8
2B,Craig Lightsey,R,R,53,53,223,201,46,32,9,2,3,26,18,17,7.6,1,2,1,2,28,12.6,7,14,68,.229,.293,.338,19.2,3.1,.109,.281,.631,70,.250,-0.61,18,65,-8.0,-0.1,3.70,4,2,66.7,-0.2,-0.0
2B,Danny Nieto,L,R,54,53,216,199,54,36,9,0,9,26,24,14,6.5,0,1,0,2,44,20.4,3,18,90,.271,.319,.452,29.5,5.3,.181,.339,.772,111,.304,0.24,27,108,2.4,0.8,3.86,3,0,100.0,0.5,-1.2
2B,Mike Phibbs,R,R,47,46,192,180,50,37,10,1,2,21,16,11,5.7,0,0,1,0,31,16.1,9,13,68,.278,.319,.378,19.5,3.8,.100,.311,.697,83,.327,-0.76,20,74,-2.2,-0.2,4.00,1,0,100.0,0.1,-3.1
2B,Tyler Plantholt,R,R,51,50,199,190,58,29,23,0,6,32,31,5,2.5,0,1,2,1,38,19.1,4,29,99,.305,.325,.521,30.8,6.0,.216,.362,.846,129,.354,0.23,29,126,6.0,1.5,3.66,0,0,0.0,0.0,0.6
2B,Olly Roozeboom,R,R,52,52,218,198,46,34,9,1,2,17,22,17,7.8,0,2,0,1,64,29.4,5,12,63,.232,.298,.318,18.8,3.2,.086,.282,.616,70,.331,-0.41,18,71,-7.6,0.1,4.25,0,0,0.0,0.0,-1.7
2B,Danny Rubio,S,R,43,43,201,178,38,26,5,0,7,25,25,21,10.4,0,0,0,2,43,21.4,2,12,64,.213,.294,.360,20.3,3.8,.146,.295,.653,81,.238,-0.37,18,86,-5.0,-0.0,4.10,2,0,100.0,0.3,0.3
2B,Brandon Russell,R,R,53,52,250,227,57,38,10,2,7,20,36,23,9.2,1,0,0,0,68,27.2,1,19,92,.251,.320,.405,30.7,4.8,.154,.321,.725,96,.329,0.88,28,95,-0.8,0.4,3.84,4,2,66.7,-0.3,1.4
2B,Marcos Sardinas,R,R,45,44,190,160,42,34,6,0,2,24,15,25,13.2,0,2,0,3,34,17.9,1,8,54,.263,.363,.338,22.6,5.0,.075,.325,.701,93,.315,0.33,22,98,-0.0,0.1,4.11,1,0,100.0,0.0,-0.7
2B,Marcos Serna,R,R,52,52,205,190,50,40,7,0,3,22,14,13,6.3,0,0,0,2,42,20.5,8,10,66,.263,.307,.347,18.9,3.4,.084,.295,.655,78,.320,-1.22,19,73,-5.0,0.2,3.80,0,0,0.0,0.0,-1.8
2B,Ruben Vega,L,R,51,51,241,224,59,36,13,1,9,25,32,17,7.1,0,0,0,0,73,30.3,4,23,101,.263,.315,.451,32.7,5.2,.188,.337,.766,106,.352,0.29,30,106,2.4,1.3,4.04,8,0,100.0,1.8,0.6
3B,Bejo Ananas,R,R,50,50,228,194,59,32,22,0,5,31,20,29,12.7,0,3,0,2,48,21.1,1,27,96,.304,.399,.495,41.6,8.1,.191,.395,.894,144,.378,1.00,39,148,13.0,1.2,4.07,0,0,0.0,0.0,-2.3
3B,Jason Brown,L,R,54,51,213,186,52,42,5,0,5,18,21,24,11.3,0,2,0,1,53,24.9,1,10,72,.280,.366,.387,28.7,5.7,.108,.344,.753,106,.364,0.60,28,110,3.2,0.4,4.25,0,0,0.0,0.0,-2.5
3B,Jonathan Casarrubias,L,R,54,51,208,187,52,35,12,1,4,14,30,18,8.7,0,2,1,0,35,16.8,6,17,78,.278,.348,.417,26.6,5.1,.139,.342,.765,115,.324,0.05,27,119,2.8,0.8,3.77,0,0,0.0,0.0,0.0
3B,Gabe Castro,S,R,45,42,188,163,51,36,12,0,3,19,18,19,10.1,2,4,0,2,29,15.4,3,15,72,.313,.394,.442,29.6,6.8,.129,.368,.835,127,.361,0.25,28,128,6.4,0.5,3.66,0,0,0.0,0.0,-3.7
3B,Gilberto Cerda,R,R,55,52,243,203,63,44,18,0,1,21,32,36,14.8,0,2,1,1,36,14.8,3,19,84,.310,.417,.414,38.1,7.0,.103,.378,.831,129,.371,1.23,39,136,10.5,1.9,4.29,1,1,50.0,-0.6,-0.5
3B,Sam Cone,R,R,53,52,216,198,47,36,8,3,0,17,17,8,3.7,0,0,8,2,55,25.5,0,11,61,.237,.264,.308,18.0,2.9,.071,.247,.573,57,.324,-1.06,11,45,-13.8,0.1,3.73,18,5,78.3,1.7,0.3
3B,Ed Cromsie,R,R,54,52,223,202,51,36,12,0,3,13,27,18,8.1,0,1,1,1,36,16.1,8,15,72,.252,.315,.356,21.7,3.6,.104,.303,.672,85,.293,-0.98,22,85,-4.0,0.6,3.96,0,0,0.0,0.0,-0.2
3B,Per Fronteira,L,R,56,56,261,242,77,48,19,0,10,37,44,9,3.4,0,7,0,3,47,18.0,5,29,126,.318,.356,.521,43.9,6.8,.202,.382,.877,140,.356,1.29,42,138,12.1,1.4,4.02,0,1,0.0,-0.8,0.3
3B,Vincent Horvers,R,R,52,52,256,223,77,42,14,4,17,44,50,23,9.0,0,4,3,3,50,19.5,0,35,150,.345,.411,.673,65.7,11.6,.327,.455,1.084,184,.377,2.02,57,180,27.0,3.5,3.84,6,1,85.7,0.7,2.4
3B,Yin-ti Huan,R,R,55,51,211,187,43,28,10,1,4,20,17,19,9.0,0,1,2,2,45,21.3,3,15,67,.230,.301,.358,21.9,3.9,.128,.295,.660,79,.279,-1.10,19,75,-5.3,0.3,3.96,5,0,100.0,1.0,-2.3
3B,Manichiro Kawasaki,R,R,53,52,229,203,56,34,9,1,12,35,25,23,10.0,0,1,0,2,49,21.4,3,22,103,.276,.349,.507,37.1,6.6,.232,.374,.857,128,.306,0.52,36,128,9.0,1.5,3.79,0,0,0.0,0.0,-2.5
3B,Alexjandria Leija,R,R,42,38,181,163,45,34,9,2,0,17,23,13,7.2,0,4,0,1,56,30.9,3,11,58,.276,.343,.356,20.7,4.6,.080,.319,.698,85,.417,-0.79,20,79,-1.0,0.7,4.04,1,0,100.0,0.1,2.7
3B,Alex Lomeli,R,R,52,49,207,186,53,36,13,0,4,32,19,19,9.2,0,1,0,1,41,19.8,4,17,78,.285,.353,.419,27.5,5.3,.134,.346,.772,108,.345,0.19,27,110,3.5,0.5,4.02,0,1,0.0,-0.7,-0.2
3B,Alex Monroy,R,R,52,52,238,221,53,34,9,0,10,31,26,14,5.9,2,3,0,0,48,20.2,2,19,92,.240,.294,.416,27.4,4.3,.176,.309,.710,95,.264,-0.03,24,91,-3.2,0.3,3.79,3,1,75.0,0.0,-0.9
3B,Alderaan Pike,R,R,52,50,233,207,66,42,16,0,8,32,33,22,9.4,0,4,0,0,47,20.2,8,24,106,.319,.395,.512,40.7,7.4,.193,.401,.907,145,.382,0.82,41,149,14.3,2.2,4.10,0,0,0.0,0.0,-2.9
3B,Nelson Rivera,L,R,45,45,189,175,44,31,8,0,5,23,20,9,4.8,0,1,0,4,41,21.7,2,13,67,.251,.286,.383,19.6,3.8,.131,.294,.669,80,.293,-0.04,17,76,-4.8,0.3,4.13,2,1,66.7,-0.2,-1.4
3B,Dustin Siepker,R,R,53,51,231,212,54,38,12,3,1,19,28,16,6.9,0,1,2,0,49,21.2,4,16,75,.255,.310,.354,24.1,4.0,.099,.297,.664,83,.327,-0.55,21,81,-5.3,0.0,3.90,5,0,100.0,1.0,-1.0
3B,Max Speed,R,R,43,43,175,159,37,24,5,0,8,20,19,14,8.0,0,0,1,1,41,23.4,4,13,66,.233,.293,.415,18.6,3.9,.182,.311,.708,91,.261,-0.57,18,88,-2.0,0.7,4.08,0,1,0.0,-0.7,-1.3
3B,Robin Stevens,R,R,53,51,231,207,54,37,5,0,12,35,32,19,8.2,1,3,0,2,34,14.7,1,17,95,.261,.329,.459,32.7,5.6,.198,.344,.788,114,.258,-0.29,30,113,3.5,1.4,3.90,1,1,50.0,-0.5,1.8
3B,Kenny Sturdivant,R,R,51,50,207,181,43,28,10,0,5,30,23,21,10.1,0,0,1,4,39,18.8,4,15,68,.238,.311,.376,22.0,4.0,.138,.306,.686,86,.270,-0.01,21,84,-3.3,0.6,4.26,0,0,0.0,0.0,-0.3
3B,Jamie Swanson,R,R,52,52,250,225,59,42,6,4,7,21,26,19,7.6,0,4,0,2,44,17.6,2,17,94,.262,.328,.418,33.5,5.3,.156,.332,.746,102,.295,0.35,30,98,1.3,0.5,3.75,7,0,100.0,1.5,0.6
3B,Lanny Tabares,L,R,52,49,229,191,41,30,7,1,3,17,20,34,14.8,0,3,0,0,44,19.2,6,11,59,.215,.342,.309,21.7,3.8,.094,.307,.651,82,.264,-0.82,23,88,-3.4,0.0,4.07,0,0,0.0,0.0,-1.5
3B,Javy Trinidad,R,R,55,53,243,210,45,28,8,0,9,29,36,21,8.6,0,6,3,3,47,19.3,3,17,80,.214,.300,.381,26.2,4.0,.167,.302,.681,86,.229,0.76,24,83,-4.6,0.6,3.92,18,5,78.3,1.6,-1.1
3B,Manny Venzor,L,R,53,53,220,204,61,48,8,2,3,24,29,13,5.9,1,1,1,1,32,14.5,1,13,82,.299,.342,.402,28.7,5.3,.103,.328,.744,101,.341,0.80,26,98,0.6,1.0,3.50,0,1,0.0,-0.8,0.3
3B,Guignard Vitagliano,R,R,55,53,225,200,54,46,5,0,3,26,22,17,7.6,0,4,3,1,43,19.1,1,8,68,.270,.338,.340,25.2,4.5,.070,.308,.678,90,.329,0.06,23,95,-3.2,0.4,3.90,2,0,100.0,0.2,-0.3
SS,Jeremy Chickering,R,R,53,52,192,170,44,33,10,0,1,17,19,18,9.4,0,0,3,1,31,16.1,1,11,57,.259,.328,.335,20.3,4.2,.076,.299,.663,82,.309,-0.45,18,81,-4.1,0.6,3.69,0,0,0.0,0.0,-2.0
SS,Eddie Flores,R,R,52,52,198,180,44,33,9,1,1,20,19,13,6.6,0,1,2,2,52,26.3,1,11,58,.244,.296,.322,17.9,3.4,.078,.278,.618,71,.333,-0.57,15,68,-7.7,0.1,4.12,4,3,57.1,-0.7,2.2
SS,Chris Fonville,R,R,51,51,225,209,48,31,12,2,3,25,26,13,5.8,0,2,0,1,54,24.0,2,17,73,.230,.280,.349,20.8,3.4,.120,.282,.629,73,.294,-1.18,18,71,-7.9,-0.0,4.01,4,2,66.7,-0.2,2.5
SS,Tony Guerra,S,R,52,48,212,186,44,26,6,2,10,38,30,24,11.3,0,2,0,0,48,22.6,0,18,84,.237,.330,.452,29.0,5.4,.215,.347,.782,114,.266,-1.30,28,115,3.7,1.5,4.00,2,3,40.0,-1.3,-0.4
SS,Masakazu Inaba,R,R,48,45,188,174,55,41,11,1,2,14,21,8,4.3,0,5,0,1,21,11.2,3,14,74,.316,.362,.425,26.5,5.7,.109,.352,.787,118,.349,-0.46,26,121,4.1,0.6,3.64,5,3,62.5,-0.5,-0.0
SS,Ron Jollymour,L,R,56,52,233,205,55,30,11,1,13,37,32,26,11.2,2,1,0,1,60,25.8,4,25,107,.268,.352,.522,38.0,6.6,.254,.375,.874,136,.316,0.20,36,134,9.3,2.5,3.83,2,1,66.7,-0.2,0.3
SS,Ruden Lopez,R,R,48,48,207,177,55,38,12,3,2,28,18,19,9.2,0,0,7,4,25,12.1,3,17,79,.311,.370,.446,30.8,6.0,.136,.348,.816,121,.344,0.88,28,115,3.9,1.4,3.88,5,2,71.4,-0.0,-0.8
SS,Ginjiro Muranaka,R,R,50,49,216,192,43,32,9,0,2,13,26,18,8.3,0,5,0,1,56,25.9,3,11,58,.224,.306,.302,19.0,3.3,.078,.283,.608,67,.304,-0.75,17,70,-7.5,0.0,4.28,1,0,100.0,0.0,-0.6
SS,Omar Ozoa,R,R,48,47,191,166,39,24,12,0,3,13,18,20,10.5,0,2,1,2,44,23.0,3,15,60,.235,.321,.361,20.4,4.1,.127,.308,.682,87,.298,0.36,19,87,-2.6,0.7,3.99,0,0,0.0,0.0,0.3
SS,Clive Pritchard,R,R,53,49,200,181,41,32,5,0,4,21,16,14,7.0,0,0,4,1,40,20.0,1,9,58,.227,.281,.320,17.5,3.2,.094,.267,.601,66,.268,0.07,14,60,-9.4,0.2,3.83,1,0,100.0,0.1,0.9
SS,Mike Ramirez,R,R,52,50,216,198,56,45,3,0,8,30,26,14,6.5,0,4,0,0,52,24.1,3,11,83,.283,.343,.419,28.8,5.4,.136,.342,.762,108,.348,-0.18,28,112,2.9,1.2,4.03,0,0,0.0,0.0,-1.5
SS,Kien Sa,R,R,53,52,230,205,69,48,15,0,6,28,35,18,7.8,0,5,0,2,40,17.4,4,21,102,.337,.400,.498,43.6,8.2,.161,.397,.898,147,.391,2.29,40,149,13.4,2.7,3.87,12,1,92.3,2.2,-1.0
SS,Kevin Shouse,R,R,52,50,208,186,41,30,6,3,2,15,26,21,10.1,0,0,0,1,45,21.6,3,11,59,.220,.298,.317,18.5,3.3,.097,.282,.615,68,.279,-0.82,17,64,-7.3,0.5,3.91,5,2,71.4,0.0,-0.3
SS,Nate Tinsley,R,R,52,52,204,194,44,35,6,1,2,16,19,9,4.4,0,0,1,0,34,16.7,4,9,58,.227,.261,.299,14.0,2.4,.072,.252,.560,54,.266,-1.09,11,49,-12.2,-0.5,3.64,2,3,40.0,-1.2,-1.1
SS,Andres Trevino,S,R,51,49,225,198,43,33,5,1,4,17,32,23,10.2,0,1,2,1,59,26.2,3,10,62,.217,.300,.313,20.0,3.3,.096,.281,.614,69,.287,-0.61,18,69,-8.2,-0.0,4.10,3,1,75.0,0.0,-0.7
SS,Robby Vieyra,R,R,50,48,209,179,35,26,3,1,5,18,22,19,9.1,0,6,2,3,46,22.0,1,9,55,.196,.290,.307,17.8,3.2,.112,.274,.597,63,.229,-0.93,15,62,-8.8,-0.7,4.02,0,1,0.0,-0.7,-0.7
SS,Victor Yero,L,R,47,46,189,172,47,39,6,1,1,25,19,11,5.8,0,1,0,5,32,16.9,2,8,58,.273,.312,.337,19.5,4.0,.064,.292,.649,83,.319,0.35,17,84,-5.1,1.0,3.83,2,0,100.0,0.3,-0.4
SS,Brian Zeeff,R,R,52,52,224,198,50,30,16,0,4,29,22,20,8.9,0,1,1,4,29,12.9,10,20,78,.253,.318,.394,23.1,3.8,.141,.316,.712,93,.272,-0.29,24,91,-1.8,0.7,3.92,3,2,60.0,-0.5,-0.3
LF,Sardis Abrego,L,L,54,53,234,205,49,26,13,1,9,38,32,25,10.7,0,1,1,2,52,22.2,1,23,91,.239,.322,.444,31.7,5.3,.205,.336,.766,109,.274,-0.10,29,108,2.1,1.0,4.00,7,2,77.8,0.5,0.8
LF,Jordan Alvarez,L,L,46,39,179,159,48,31,10,0,7,20,29,15,8.4,0,1,2,2,23,12.8,1,17,79,.302,.362,.497,29.0,6.6,.195,.372,.858,135,.313,0.77,27,132,6.8,1.1,3.88,0,2,0.0,-1.2,0.5
LF,Yem Batista,L,L,53,53,231,212,50,26,14,1,9,33,33,18,7.8,0,0,0,1,46,19.9,1,24,93,.236,.294,.439,28.1,4.6,.203,.321,.733,100,.259,0.92,26,97,-0.7,0.3,3.84,0,1,0.0,-0.7,1.7
LF,Edward Black,R,L,51,51,238,224,56,42,7,0,7,25,33,10,4.2,0,2,0,2,27,11.3,8,14,84,.250,.286,.375,22.6,3.4,.125,.294,.661,75,.255,-1.22,21,69,-6.1,-0.5,3.59,3,0,100.0,0.5,-2.4
LF,Rick Brace,R,R,54,52,227,201,53,39,6,2,6,24,31,20,8.8,0,2,4,0,51,22.5,1,14,81,.264,.336,.403,28.7,5.0,.139,.327,.739,102,.326,1.03,27,101,0.3,0.5,4.15,1,1,50.0,-0.5,-0.2
LF,Chris Brankin,L,L,52,52,222,195,47,26,15,1,5,19,26,25,11.3,0,2,0,0,36,16.2,3,21,79,.241,.333,.405,27.5,4.9,.164,.332,.738,101,.273,-0.12,27,102,1.3,0.2,4.14,0,0,0.0,0.0,-0.6
LF,Bobby Brito,R,R,53,53,246,218,49,31,7,3,8,27,29,24,9.8,3,2,0,2,55,22.4,3,18,86,.225,.305,.394,27.4,4.2,.170,.303,.699,89,.261,-0.86,24,85,-4.4,0.1,4.08,1,0,100.0,0.0,-2.1
LF,Koji Chinea,R,R,52,52,233,194,54,39,5,0,10,34,27,33,14.2,1,1,2,3,51,21.9,4,15,89,.278,.381,.459,35.4,6.3,.180,.368,.840,133,.324,0.84,35,136,8.1,1.9,4.34,3,3,50.0,-1.1,-0.3
LF,Wayne Curran,L,L,53,49,215,200,44,26,10,0,8,20,26,13,6.0,0,1,1,0,56,26.0,4,18,78,.220,.271,.390,20.8,3.5,.170,.292,.661,77,.265,-0.87,19,76,-5.9,-0.5,4.06,1,0,100.0,0.1,-1.2
LF,Cody Daniels,L,L,54,53,221,207,50,32,7,1,10,33,25,14,6.3,0,0,0,0,73,33.0,4,18,89,.242,.290,.430,25.2,4.2,.188,.317,.720,97,.323,0.06,24,97,-1.6,0.5,4.00,0,0,0.0,0.0,-0.1
LF,Marco Feron,L,L,56,56,259,239,61,44,13,3,1,11,37,9,3.5,0,11,0,0,56,21.6,1,17,83,.255,.313,.347,29.8,4.5,.092,.300,.660,79,.330,0.30,25,78,-5.2,0.2,4.05,16,0,100.0,3.7,2.4
LF,Jose Fierro,R,L,46,43,200,177,47,29,11,5,2,15,27,19,9.5,0,3,0,1,16,8.0,3,18,74,.266,.345,.418,26.5,5.3,.153,.341,.763,107,.281,0.01,26,108,2.5,0.6,3.75,0,0,0.0,0.0,0.4
LF,Marcos Galarraga,R,R,44,40,182,144,44,24,7,0,13,30,26,36,19.8,2,0,1,1,39,21.4,2,20,90,.306,.442,.625,42.8,11.1,.319,.448,1.067,192,.333,1.47,39,185,18.1,1.6,4.35,0,0,0.0,0.0,-2.8
LF,Ray Garcia,L,L,51,43,181,157,35,24,7,1,3,23,15,16,8.8,1,6,1,1,29,16.0,2,11,53,.223,.317,.338,18.1,3.8,.115,.296,.654,73,.254,-0.21,16,64,-4.3,-0.5,4.06,2,1,66.7,-0.2,-0.9
LF,Jose Gonzales,R,R,51,51,231,209,73,43,17,2,11,36,40,17,7.4,0,4,0,1,34,14.7,0,30,127,.349,.407,.608,55.0,10.8,.258,.439,1.015,173,.376,2.41,48,177,21.3,2.6,3.73,7,1,87.5,1.0,-1.8
LF,Matty Hrinko,R,R,55,55,260,224,49,35,10,1,3,19,29,32,12.3,0,3,0,1,52,20.0,2,14,70,.219,.323,.312,25.0,3.8,.094,.297,.636,76,.271,-1.10,24,80,-6.0,-0.7,4.12,1,1,50.0,-0.5,-3.4
LF,Michael Keding,L,L,55,55,235,199,47,24,10,1,12,39,32,33,14.0,0,1,0,2,44,18.7,0,23,95,.236,.345,.477,35.7,6.2,.241,.361,.822,123,.241,0.91,34,124,6.9,0.9,4.14,0,1,0.0,-0.7,-0.7
LF,Jimmy Keener,R,R,45,40,179,164,43,33,8,1,1,20,16,13,7.3,0,2,0,0,29,16.2,3,10,56,.262,.324,.341,18.1,3.9,.079,.304,.665,88,.313,0.93,18,93,-3.1,-0.3,3.79,0,1,0.0,-0.7,-3.1
LF,Allen Lafontaine,S,R,52,50,211,192,48,29,12,0,7,23,21,15,7.1,0,3,1,0,44,20.9,4,19,81,.250,.314,.422,25.3,4.6,.172,.326,.736,106,.291,-0.39,24,108,0.1,0.6,3.79,0,0,0.0,0.0,-1.7
LF,Matt Lawson,L,L,47,43,188,168,52,32,11,0,9,21,27,16,8.5,0,3,0,1,27,14.4,3,20,90,.310,.378,.536,33.7,7.5,.226,.399,.913,151,.323,-0.73,33,154,11.3,1.1,3.80,1,2,33.3,-1.0,-0.4
LF,Edgar Malhado,R,L,56,54,243,203,47,32,10,0,5,28,21,34,14.0,2,3,0,3,46,18.9,4,15,72,.232,.346,.355,27.2,4.5,.123,.317,.700,93,.271,-0.59,26,93,-1.7,-0.3,4.16,0,0,0.0,0.0,-3.2
LF,Casey Marko,L,R,55,55,235,214,57,40,14,1,2,26,23,20,8.5,0,1,0,0,48,20.4,4,17,79,.266,.332,.369,26.4,4.4,.103,.318,.701,91,.335,1.11,26,93,-1.4,-0.2,3.99,1,1,50.0,-0.5,0.8
LF,Mike McKasson,S,L,53,53,239,199,47,30,12,0,5,25,24,37,15.5,2,2,0,1,41,17.2,5,17,74,.236,.360,.372,28.5,4.9,.136,.331,.732,100,.273,-0.08,29,102,1.1,0.4,4.14,0,0,0.0,0.0,-1.2
LF,Billy Morf,R,R,52,51,244,204,68,36,18,2,12,42,43,37,15.2,8,2,0,1,32,13.1,8,32,126,.333,.439,.618,56.6,10.4,.284,.432,1.056,187,.348,3.15,49,174,21.2,3.3,3.94,15,2,88.2,2.4,1.5
LF,Danny Mrazek,R,L,52,52,220,197,55,39,13,0,3,21,23,17,7.7,2,5,0,1,31,14.1,5,16,77,.279,.350,.391,27.2,5.0,.112,.329,.741,100,.317,-0.27,26,98,0.7,0.1,3.80,1,0,100.0,0.0,-3.7
LF,Sean Oehlert,R,R,53,53,244,225,62,41,15,2,4,25,31,19,7.8,1,0,0,0,35,14.3,4,21,93,.276,.332,.413,30.4,4.9,.138,.330,.745,101,.312,-0.37,29,102,0.9,0.4,3.98,0,1,0.0,-0.7,1.4
LF,Harold Pond,S,L,55,52,230,206,50,34,13,1,2,16,23,21,9.1,0,2,0,1,49,21.3,5,16,71,.243,.317,.345,22.9,3.8,.102,.302,.662,80,.308,-1.30,22,82,-4.3,-0.1,4.08,0,0,0.0,0.0,-0.2
LF,Ramiro Rexach,L,L,52,44,203,179,46,35,7,2,2,15,26,19,9.4,0,3,1,1,36,17.7,3,11,63,.257,.337,.352,22.7,4.4,.095,.314,.689,90,.310,0.51,21,91,-1.9,-0.1,4.22,2,0,100.0,0.3,-0.9
LF,Bobby Rojas,L,L,49,48,215,179,57,40,7,2,8,21,31,33,15.3,0,2,0,1,53,24.7,3,17,92,.318,.428,.514,42.1,9.0,.196,.417,.942,158,.412,1.68,41,163,16.1,1.9,4.13,0,0,0.0,0.0,-2.3
LF,Matt Salmon,L,R,56,54,231,207,55,24,14,0,17,39,36,18,7.8,0,5,0,1,56,24.2,4,31,120,.266,.338,.580,40.5,7.0,.314,.394,.917,146,.281,-0.31,40,147,12.9,1.4,4.04,0,0,0.0,0.0,-0.7
LF,Mike Santoli,R,R,53,53,258,234,50,31,12,2,5,24,33,16,6.2,2,5,0,3,46,17.8,3,19,81,.214,.275,.346,23.6,3.4,.132,.273,.621,71,.242,-0.35,19,64,-10.9,0.1,3.76,4,0,100.0,0.8,1.7
LF,Henry Sosa,L,L,52,51,236,210,63,39,8,3,13,30,46,20,8.5,2,5,0,1,45,19.1,2,24,116,.300,.373,.552,44.5,7.9,.252,.396,.925,149,.327,0.23,41,143,13.6,2.0,4.03,5,2,71.4,-0.0,2.5
LF,Geoff Tankersley,R,R,55,52,218,188,41,33,6,0,2,16,23,21,9.6,0,1,5,3,35,16.1,2,8,53,.218,.296,.282,18.6,3.2,.064,.263,.578,62,.253,-0.69,14,60,-11.1,-0.8,3.89,7,0,100.0,1.5,-2.1
LF,Juan Villa,L,L,46,46,183,145,33,25,6,1,1,11,24,30,16.4,0,2,6,0,22,12.0,2,8,44,.228,.367,.303,19.9,4.4,.076,.310,.671,85,.262,0.88,19,87,-2.2,0.2,3.96,8,2,80.0,0.7,1.6
CF,Armando Blea,S,R,52,51,204,177,30,22,7,1,0,7,10,12,5.9,0,4,10,1,42,20.6,0,8,39,.169,.237,.220,11.6,2.0,.051,.206,.457,26,.221,-1.80,4,14,-19.8,-0.7,3.80,5,0,100.0,1.1,0.3
CF,Mark Buchanan,S,L,41,41,189,157,36,27,7,0,2,9,21,29,15.3,0,0,1,2,32,16.9,1,9,49,.229,.346,.312,20.0,4.3,.083,.308,.658,81,.272,-0.42,19,84,-2.7,0.7,4.27,2,0,100.0,0.3,-0.1
CF,Onel Escalante,L,L,52,52,218,198,46,36,7,1,2,23,23,19,8.7,0,0,1,0,55,25.2,2,10,61,.232,.300,.308,19.2,3.3,.076,.279,.608,68,.312,-1.02,17,68,-8.3,-0.1,4.11,0,0,0.0,0.0,-0.9
CF,Bryce Gekas,S,R,48,48,194,176,51,34,11,4,2,25,21,10,5.2,0,0,6,2,28,14.4,0,17,76,.290,.324,.432,26.1,5.3,.142,.322,.756,104,.331,-0.41,22,96,-0.6,1.2,3.82,3,1,75.0,0.1,2.1
CF,Zhong-shan Geng,L,R,50,44,178,165,43,27,10,1,5,23,14,10,5.6,0,0,1,2,41,23.0,2,16,70,.261,.299,.424,21.9,4.6,.164,.315,.724,93,.314,-0.62,19,88,-1.4,-0.0,3.96,7,1,87.5,1.1,-0.6
CF,Marcos Hiciano,R,R,53,53,220,191,41,25,6,2,8,25,25,24,10.9,0,2,0,3,65,29.5,1,16,75,.215,.305,.393,25.0,4.4,.178,.311,.697,89,.273,-0.13,23,88,-2.5,0.8,4.22,0,0,0.0,0.0,0.2
CF,Mitsumasa Inouye,S,L,53,53,239,218,64,43,13,3,5,25,30,9,3.8,0,2,9,1,43,18.0,1,21,98,.294,.326,.450,34.0,5.6,.156,.328,.776,116,.345,0.31,28,109,0.5,1.0,3.63,7,0,100.0,1.5,0.4
CF,Marvin Jackson,R,R,52,52,208,174,40,24,10,1,5,29,31,26,12.5,0,2,3,3,49,23.6,0,16,67,.230,.332,.385,26.4,5.1,.155,.319,.717,96,.285,1.10,23,95,-1.1,1.1,4.36,9,1,90.0,1.5,1.6
CF,Gurmu Jemadari,R,R,52,52,243,225,62,36,20,0,6,44,28,14,5.8,1,1,0,3,46,18.9,7,26,100,.276,.317,.444,30.6,4.7,.169,.331,.761,103,.318,1.49,29,99,1.0,1.3,3.84,5,1,83.3,0.5,-2.4
CF,Du Kau,R,R,52,51,209,182,48,26,16,3,3,22,31,20,9.6,0,3,1,3,42,20.1,2,22,79,.264,.341,.434,29.4,5.6,.170,.341,.775,110,.321,0.84,27,111,2.7,1.7,3.83,9,2,81.8,1.0,1.9
CF,Juan Martinez,R,R,47,43,184,144,37,27,6,2,2,18,30,28,15.2,0,0,9,3,49,26.6,0,10,53,.257,.371,.368,25.0,5.7,.111,.323,.739,106,.365,-0.06,21,98,-0.4,0.9,4.22,8,0,100.0,1.8,1.6
CF,Jose Mejia,R,R,52,49,215,194,59,41,8,2,8,36,32,16,7.4,0,0,1,4,49,22.8,5,18,95,.304,.350,.490,33.6,6.3,.186,.364,.840,130,.362,-0.13,32,127,6.8,2.2,3.98,3,0,100.0,0.5,1.3
CF,Venceslau Pontes,R,R,53,50,228,210,50,43,7,0,0,17,23,14,6.1,1,3,1,0,41,18.0,1,7,57,.238,.295,.271,19.2,3.2,.033,.260,.567,58,.296,0.68,14,56,-12.1,0.5,3.87,11,1,91.7,2.0,2.0
CF,Jose Puga,R,R,44,42,192,170,39,28,7,1,3,10,27,13,6.8,0,6,2,1,54,28.1,1,11,57,.229,.305,.335,19.7,3.9,.106,.290,.641,76,.316,-0.50,17,75,-5.5,0.8,3.90,8,1,88.9,1.3,1.6
CF,Tilmão Roboredo,R,R,51,44,184,172,37,26,7,2,2,11,16,11,6.0,0,1,0,0,50,27.2,4,11,54,.215,.266,.314,14.1,2.7,.099,.263,.580,53,.292,-0.94,12,41,-9.4,0.1,3.78,6,2,75.0,0.3,0.5
CF,Daichi Sakai,R,L,52,52,251,225,79,42,21,1,15,47,46,25,10.0,0,0,0,1,56,22.3,2,37,147,.351,.414,.653,62.6,11.3,.302,.458,1.068,190,.413,3.74,56,191,27.0,4.3,4.04,3,1,75.0,-0.0,1.4
CF,Raul Samaniego,S,R,53,53,245,225,67,42,18,2,5,36,30,14,5.7,1,3,1,2,26,10.6,5,25,104,.298,.344,.462,34.4,5.5,.164,.351,.806,116,.316,0.62,33,113,5.0,0.9,3.79,5,4,55.6,-1.1,2.6
CF,Elmar Seiler,R,R,47,45,185,169,38,23,12,1,2,20,19,10,5.4,0,3,0,3,45,24.3,5,15,58,.225,.276,.343,15.6,3.0,.118,.277,.619,68,.288,-1.24,14,64,-7.3,0.3,3.92,0,0,0.0,0.0,-1.9
CF,Cesar Senas,R,R,54,48,186,177,41,29,10,0,2,16,21,3,1.6,0,4,0,2,48,25.8,1,12,57,.232,.258,.322,15.1,2.9,.090,.259,.580,60,.302,-0.15,11,53,-10.0,-0.2,3.85,2,1,66.7,-0.2,1.2
RF,Bobby Aguinaga,R,R,53,52,237,204,59,41,16,0,2,27,22,26,11.0,1,5,0,2,43,18.1,3,18,81,.289,.380,.397,33.8,5.9,.108,.351,.777,114,.354,0.28,32,117,4.9,1.5,3.95,13,4,76.5,0.9,-0.0
RF,Juan Carrizales,L,L,55,54,229,197,56,33,14,0,9,28,32,29,12.7,5,2,0,1,32,14.0,3,23,97,.284,.380,.492,37.8,7.0,.208,.370,.872,139,.299,0.56,35,131,8.3,1.1,3.78,0,1,0.0,-0.7,-3.1
RF,Zahi Cobo,R,R,52,52,245,214,69,52,8,2,7,24,38,24,9.8,3,4,0,3,35,14.3,2,17,102,.322,.396,.477,41.7,7.2,.154,.379,.873,135,.354,0.98,39,132,10.6,2.5,3.97,9,6,60.0,-1.2,1.2
RF,Charlie Cole,L,L,53,49,229,216,61,44,10,1,6,29,27,12,5.2,0,1,0,0,44,19.2,4,17,91,.282,.323,.421,30.3,5.1,.139,.331,.744,103,.331,0.67,28,103,1.0,0.6,3.78,9,0,100.0,2.0,-1.1
RF,Ron Gideon,L,L,40,40,193,163,52,35,9,1,7,27,38,27,14.0,1,1,0,2,41,21.2,2,17,84,.319,.415,.515,37.6,8.8,.196,.406,.930,147,.385,1.90,35,146,12.7,1.7,4.09,2,0,100.0,0.3,3.0
RF,Hisatoshi Morita,R,R,47,47,201,172,40,24,12,0,4,22,22,20,10.0,0,4,2,3,32,15.9,2,16,64,.233,.322,.372,22.6,4.4,.140,.311,.694,88,.259,0.55,21,84,-2.4,0.4,4.17,1,0,100.0,0.1,0.1
RF,Dave Palacios,L,L,53,51,225,192,46,33,6,0,7,30,29,28,12.4,0,3,0,2,53,23.6,1,13,73,.240,.342,.380,27.7,5.0,.141,.329,.722,93,.291,-0.34,27,93,0.7,-0.3,4.11,0,0,0.0,0.0,-4.3
RF,Lucas Pamatz,L,L,54,52,247,218,64,40,19,4,1,22,39,18,7.3,0,5,5,1,36,14.6,1,24,94,.294,.360,.431,37.0,6.1,.138,.346,.791,115,.346,2.09,33,113,4.1,1.1,4.11,16,4,80.0,1.6,2.0
RF,Jose Pedroza,L,R,56,56,229,204,47,34,9,0,4,22,19,19,8.3,0,3,0,3,49,21.4,5,13,68,.230,.301,.333,21.2,3.5,.103,.289,.635,73,.279,-1.08,20,73,-6.8,-0.7,3.83,1,0,100.0,0.0,-1.3
RF,Da-xia Peng,S,R,54,52,242,206,56,24,10,1,21,57,45,33,13.6,12,1,0,2,46,19.0,2,32,131,.272,.372,.636,51.8,9.1,.364,.392,1.008,176,.248,2.46,41,153,13.1,2.3,3.95,9,0,100.0,2.0,1.0
RF,Xavier Santa,L,R,49,49,237,202,52,37,9,1,5,30,30,26,11.0,2,5,0,4,31,13.1,5,15,78,.257,.350,.386,28.8,4.9,.129,.328,.736,97,.276,1.11,28,92,0.4,0.4,3.77,0,0,0.0,0.0,2.4
RF,John Sauve,S,L,53,50,201,189,50,30,10,0,10,29,31,6,3.0,0,5,0,1,38,18.9,1,20,90,.265,.303,.476,26.8,4.9,.212,.340,.780,113,.282,1.12,26,109,2.4,1.0,3.92,12,6,66.7,-0.3,2.6
RF,Chad Schoepp,R,L,51,50,200,181,55,34,18,0,3,19,23,16,8.0,0,1,2,0,34,17.0,4,21,82,.304,.364,.453,29.6,5.9,.149,.360,.817,121,.361,0.48,29,120,5.6,1.2,3.58,7,3,70.0,-0.0,0.6
RF,David Straub,L,L,52,47,206,190,51,32,11,1,7,31,21,15,7.3,0,1,0,0,50,24.3,1,19,85,.268,.325,.447,28.6,5.5,.179,.342,.773,112,.331,-0.06,26,111,2.7,1.2,4.09,0,0,0.0,0.0,-0.7
RF,Alex Tejeda,L,L,50,45,216,197,52,27,11,2,12,33,35,14,6.5,0,3,1,1,45,20.8,1,25,103,.264,.321,.523,34.5,6.3,.259,.363,.844,130,.284,0.16,32,130,6.7,1.2,4.12,2,0,100.0,0.3,0.8
RF,Leonilde Tigre,S,R,53,50,219,193,60,37,16,0,7,35,26,22,10.0,1,2,1,1,38,17.4,4,23,97,.311,.385,.503,38.0,7.4,.192,.387,.888,141,.356,0.82,36,142,10.9,1.8,3.94,0,0,0.0,0.0,-0.5
RF,Tillmam Velado,L,L,53,51,227,186,47,23,9,1,14,36,28,38,16.7,3,0,0,3,46,20.3,3,24,100,.253,.374,.538,39.8,7.3,.285,.386,.912,145,.256,1.60,37,139,11.1,1.1,4.11,7,3,70.0,-0.1,-0.9
RF,Yuan Zhu,R,L,47,42,204,173,47,35,8,0,4,16,27,28,13.7,0,1,1,1,28,13.7,3,12,67,.272,.374,.387,26.9,5.5,.116,.347,.762,102,.303,0.85,27,99,3.6,0.3,4.20,1,1,50.0,-0.5,0.1
DH,Gentaro Arakawa,S,R,56,56,250,210,50,36,11,0,3,29,18,36,14.4,6,0,0,4,27,10.8,7,14,70,.238,.344,.333,25.2,4.0,.095,.296,.677,87,.255,-0.69,23,79,-5.9,-0.7,3.85,0,0,0.0,0.0,-2.9
DH,Bobby Badeaux,R,R,55,54,262,212,65,36,19,1,9,39,46,47,17.9,1,1,1,1,34,13.0,5,29,113,.307,.433,.533,53.0,9.2,.226,.421,.966,167,.329,2.19,51,170,20.4,2.4,4.19,9,2,81.8,0.9,0.4
DH,Salomão Capucho,R,R,57,56,258,232,60,36,14,0,10,32,34,22,8.5,0,3,0,1,64,24.8,5,24,104,.259,.329,.448,34.9,5.3,.190,.344,.778,114,.314,1.65,34,116,4.0,0.7,3.88,3,0,100.0,0.5,-0.9
DH,Luis Nungaray,R,R,54,54,246,213,61,44,12,0,5,26,30,26,10.6,0,3,0,4,24,9.8,6,17,88,.286,.366,.413,33.3,5.6,.127,.350,.779,115,.298,0.91,33,117,4.9,0.3,3.92,0,0,0.0,0.0,-2.8
DH,Emilio Oregon,L,R,55,55,236,209,50,32,12,0,6,28,32,17,7.2,0,7,0,3,63,26.7,4,18,80,.239,.314,.383,26.0,4.2,.144,.313,.696,89,.308,0.29,25,86,-2.4,0.1,4.11,0,0,0.0,0.0,1.6
DH,Felix Perez,R,R,50,50,224,205,51,33,9,1,8,32,20,14,6.2,0,3,0,2,41,18.3,6,18,86,.249,.304,.420,25.3,4.2,.171,.319,.723,95,.272,1.13,25,93,-1.1,-0.0,3.99,0,0,0.0,0.0,-0.8
DH,Jacob Testaverde,R,R,55,55,242,196,72,39,19,1,13,45,39,37,15.3,3,7,0,2,37,15.3,1,33,132,.367,.479,.673,68.3,14.5,.306,.484,1.153,211,.399,2.82,59,207,31.3,3.2,4.03,0,0,0.0,0.0,-0.9
DH,Innis Walker,L,L,56,56,260,216,55,32,13,1,9,41,29,36,13.8,0,3,0,5,45,17.3,3,23,97,.255,.362,.449,38.0,6.0,.194,.360,.811,123,.275,1.86,37,123,7.2,0.9,4.10,0,1,0.0,-0.8,-0.3
DH,Alex Zendejas,L,L,57,57,256,208,52,29,15,0,8,30,33,39,15.2,3,8,0,1,64,25.0,2,23,91,.250,.387,.438,39.0,6.6,.188,.365,.824,128,.321,0.95,38,127,8.2,0.8,4.04,0,0,0.0,0.0,-2.7
