POS,Name,TM,BatR,BsR,BIP,GB/FB,LD%,GB%,FB%,IFFB,HR/FB,IFH%,BUH%,Pull%,Cent%,Oppo%,Soft%,Avg%,Solid%,EV,mEV,LA,BAR,BAR%,HHi,HHi%,xBACON,xSLGCON,xwOBACON,xBA,xSLG,xwOBA,PI,SW,WH,OSW,CH,ZX,OS%,ZS%,SW%,OC%,ZC%,CTC%,WH%,CH%,Z%,CL%,RV,RV-FB,RV-OFF,RV-BR,FF%,BR%,OFF%
C,Yoshitsugu Ishida,Seattle,-8.3,-1.6,106,1.44,21.7%,46.2%,32.1%,15.8%,8.8%,6.1%,50.0%,37.7%,38.7%,23.6%,22.6%,44.3%,33.0%,87.3,113.5,10.3,12,11.3%,37,34.9%,.313,.556,.326,.242,.430,.298,575,268,79,76,38,166,27.9,63.4,46.6,50.0,78.6,70.5,29.5,14.0,52.7,18.4,-10.6,-9.4,-1.4,0.2,61.4,21.0,17.6
C,Yasuhiro Tsumoto,Seattle,-0.9,-0.7,55,1.41,25.5%,43.6%,30.9%,12.9%,0.0%,0.0%,0.0%,49.1%,41.8%,9.1%,16.4%,65.5%,18.2%,87.9,115.7,18.1,5,9.1%,11,20.0%,.350,.575,.349,.229,.377,.329,466,186,66,59,33,143,25.4,54.3,39.9,44.1,74.0,64.5,35.5,14.2,50.2,19.1,-2.4,-6.4,-0.4,4.4,55.6,24.0,20.4
LF,Jin-soo Shinn,Seattle,15.3,-4.2,120,1.43,25.0%,44.2%,30.8%,9.0%,29.7%,3.8%,0.0%,46.7%,34.2%,19.2%,16.7%,49.2%,34.2%,90.8,116.7,10.1,21,17.5%,42,35.0%,.407,.845,.486,.346,.719,.445,604,272,62,82,31,200,27.6,61.9,45.0,62.2,83.7,77.2,22.8,10.4,50.8,16.1,15.0,16.4,0.9,-2.3,61.8,24.5,13.7
2B,Han-lee Choi,Seattle,2.3,-1.5,143,1.68,30.8%,43.4%,25.9%,7.4%,8.1%,9.7%,0.0%,30.8%,32.9%,36.4%,28.7%,54.5%,16.8%,82.5,112.4,10.1,6,4.2%,27,18.9%,.396,.533,.335,.311,.419,.316,850,382,93,114,41,249,27.7,61.0,44.9,64.0,80.6,75.7,24.3,10.0,51.6,19.1,-1.3,-0.2,1.2,-2.3,63.5,22.5,14.0
2B,Ling-lai Li,Seattle,-0.7,0.2,55,2.21,18.2%,56.4%,25.5%,4.2%,0.0%,6.5%,0.0%,29.1%,41.8%,29.1%,29.1%,56.4%,14.5%,81.4,110.6,3.8,2,3.6%,10,18.2%,.294,.361,.226,.221,.272,.212,321,145,37,43,17,98,28.1,60.7,45.2,60.5,80.4,74.5,25.5,11.1,52.3,17.1,0.7,-0.9,0.3,1.2,62.3,24.0,13.7
3B,Manichiro Kawasaki,Seattle,7.8,-2.5,156,0.82,24.4%,34.0%,41.7%,10.7%,18.5%,3.8%,0.0%,44.2%,30.1%,25.6%,17.3%,48.1%,34.6%,89.6,116.9,17.3,30,19.2%,56,35.9%,.386,.846,.476,.293,.644,.399,867,385,113,113,61,275,27.9,58.9,44.4,46.0,80.9,70.6,29.4,15.1,53.3,15.0,7.2,-0.6,3.8,4.0,63.2,21.1,15.7
SS,Dong-hee Moon,Seattle,-1.2,0.0,11,1.33,36.4%,36.4%,27.3%,0.0%,0.0%,0.0%,0.0%,18.2%,27.3%,54.5%,63.6%,27.3%,9.1%,75.6,105.2,12.9,0,0.0%,1,9.1%,.435,.469,.321,.319,.344,.235,61,32,8,7,3,20,25.9,73.5,52.5,57.1,80.0,75.0,25.0,11.1,55.7,11.5,-0.6,-0.4,-0.1,-0.1,65.6,19.7,14.8
LF,Hideji Yamanaka,Seattle,8.0,-1.8,125,1.02,24.0%,38.4%,37.6%,7.8%,6.4%,4.2%,0.0%,37.6%,35.2%,27.2%,12.0%,56.0%,32.0%,90.3,117.7,14.4,17,13.6%,43,34.4%,.385,.730,.427,.314,.597,.382,634,276,59,64,20,177,23.3,59.1,43.5,68.8,81.6,78.6,21.4,7.3,56.6,15.5,6.7,2.1,1.6,3.0,63.1,20.5,16.4
2B,Zhong-shan Geng,Seattle,-2.4,0.5,127,1.07,25.2%,38.6%,36.2%,6.4%,10.9%,12.2%,0.0%,44.9%,35.4%,19.7%,16.5%,54.3%,29.1%,87.8,114.4,11.8,13,10.2%,41,32.3%,.386,.659,.382,.292,.498,.312,704,338,79,100,43,203,29.9,64.5,48.0,57.0,84.9,76.6,23.4,12.8,52.4,18.8,1.3,-3.2,4.9,-0.4,67.0,20.5,12.5
CF,Tomofumi Kamimura,Seattle,-2.6,-0.1,22,0.58,13.6%,31.8%,54.5%,6.7%,16.7%,0.0%,0.0%,27.3%,50.0%,22.7%,18.2%,36.4%,45.5%,93.5,120.4,14.9,6,27.3%,11,50.0%,.394,.950,.532,.248,.597,.364,140,66,20,22,11,38,35.5,56.4,47.1,50.0,79.5,69.7,30.3,17.7,55.7,17.1,-1.7,-1.9,0.6,-0.3,60.7,20.7,18.6
RF,Etsuji Obata,Seattle,8.9,0.3,108,1.42,19.4%,47.2%,33.3%,5.3%,30.6%,11.8%,0.0%,49.1%,30.6%,20.4%,15.7%,50.0%,34.3%,91.2,121.0,6.7,20,18.5%,41,38.0%,.387,.829,.469,.279,.597,.361,650,300,90,104,52,190,33.7,57.5,46.2,50.0,80.6,70.0,30.0,16.8,52.5,18.3,6.4,11.1,-3.2,-1.4,59.1,24.0,16.9
RF,Daniel Wang,Seattle,-0.9,0.1,64,2.07,28.1%,48.4%,23.4%,9.1%,6.7%,12.9%,0.0%,40.6%,40.6%,18.8%,18.8%,60.9%,20.3%,84.3,108.8,8.2,4,6.2%,15,23.4%,.325,.469,.277,.266,.385,.262,332,155,39,44,20,94,29.5,60.7,46.7,54.5,82.9,74.8,25.2,13.4,55.1,16.6,-3.6,-5.3,-0.5,2.2,62.3,17.5,20.2
