POS,#,Name,Inf,Mor,Age,NAT,HT,WT,B,T,OVR,POT,SLR,YL,MLY,SctAcc
SP,10,Hajime Ito,,,24,JPN,6' 4',200 lbs,Right,Right,-,,$600 000,1 (auto.),0,V.High
SP,19,Yasuhiro Katayama,,,28,JPN,6' 2',200 lbs,Left,Left,-,,$5 000 000,1 (arbitr.),4,V.High
SP,8,Jeong Lee,,,30,KOR,5' 10',195 lbs,Right,Right,-,,$55 000 000,4,9,V.High
SP,26,Su-shun Nie,,,35,CHN,6' 4',205 lbs,Left,Left,-,,$12 000 000,2,13,V.High
SP,2,Chua chay Niu,,,24,TPE,6' 6',210 lbs,Left,Right,-,,$600 000,1 (auto.),0,V.High
RP,30,Hwi-gon Chun,,,27,KOR,6' 0',180 lbs,Right,Right,-,,$1 752 000,1 (arbitr.),2,V.High
RP,6,Tse-peng Gong,,,25,TPE,6' 2',190 lbs,Right,Right,-,,$600 000,1 (auto.),0,V.High
RP,24,Jimmy Hsia,,,41,TPE,6' 2',190 lbs,Right,Right,-,,$7 500 000,2,17,V.High
RP,16,Hyun-koo Ka,,,26,KOR,6' 5',200 lbs,Right,Right,-,,$600 000,3,2,V.High
RP,25,Kiyohiro Kaneshiro,,,26,JPN,5' 9',170 lbs,Switch,Left,-,,$1 880 000,3,3,V.High
RP,4,Xiong Loh,,,29,TPE,6' 4',200 lbs,Left,Right,-,,$2 500 000,2,6,V.High
RP,3,Midori Murakami,,,25,JPN,6' 2',195 lbs,Left,Left,-,,$600 000,1 (auto.),0,V.High
CL,5,Yoichibei Inouye,,,24,JPN,6' 0',185 lbs,Left,Right,-,,$600 000,1 (auto.),0,V.High
C,35,Yoshitsugu Ishida,,,25,JPN,6' 6',205 lbs,Switch,Right,-,,$600 000,1 (auto.),0,V.High
C,12,Yasuhiro Tsumoto,,,27,JPN,6' 2',210 lbs,Right,Right,-,,$7 500 000,4,4,V.High
LF,21,Jin-soo Shinn,,,25,KOR,6' 2',200 lbs,Right,Right,-,,$600 000,1 (auto.),0,V.High
2B,28,Han-lee Choi,,,30,KOR,6' 1',200 lbs,Right,Right,-,,$3 000 000,2,4,V.High
2B,7,Ling-lai Li,,,27,TPE,6' 2',200 lbs,Left,Right,-,,$600 000,1 (auto.),1,V.High
3B,9,Manichiro Kawasaki,,,28,JPN,6' 4',200 lbs,Right,Right,-,,$7 500 000,4,5,V.High
SS,11,Dong-hee Moon,,,23,KOR,6' 2',200 lbs,Right,Right,-,,$600 000,1 (auto.),0,V.High
LF,18,Hideji Yamanaka,,,29,JPN,6' 3',200 lbs,Right,Left,-,,$20 000 000,5,7,V.High
2B,17,Zhong-shan Geng,,,28,CHN,5' 9',175 lbs,Left,Right,-,,$1 500 000,1 (arbitr.),5,V.High
CF,22,Tomofumi Kamimura,,,23,JPN,6' 2',185 lbs,Left,Left,-,,$600 000,1 (auto.),0,V.High
RF,15,Etsuji Obata,,,25,JPN,6' 2',200 lbs,Left,Left,-,,$9 700 000,4,4,V.High
RF,59,Daniel Wang,,,26,MEX,6' 4',205 lbs,Right,Left,-,,$600 000,1 (auto.),1,V.High
