POS,#,Name,T,G,GS,W,L,WIN%,SVO,SV,SV%,BS,BS%,HLD,IP,BF,AB,HA,1B,2B,3B,HR,TB,R,ER,BB,K,HP,ERA,AVG,OBP,SLG,OPS,BABIP,WHIP,BRA/9,HR/9,H/9,BB/9,K/9,K/BB,K%,BB%,K%-BB%,SH,SF,WP,DP,IR,IRS,IRS%,LOB%,pLi,ERA+,FIP,FIP-,WPA,WAR,rWAR,SIERA
SP,10,Hajime Ito,R,11,11,5,3,.625,0,0,.000,0,.000,0,62.0,275,242,60,43,9,0,8,93,34,31,23,47,6,4.50,.248,.325,.384,.709,.274,1.34,12.9,1.2,8.7,3.3,6.8,2.0,17.1,8.4,8.7,1,3,1,2,0,0,0.0,70.7,1.06,99,4.84,110,-0.1,0.5,0.8,4.43
SP,19,Yasuhiro Katayama,L,10,10,3,3,.500,0,0,.000,0,.000,0,53.2,242,219,67,52,8,0,7,96,34,34,18,42,3,5.70,.306,.367,.438,.805,.353,1.58,14.8,1.2,11.2,3.0,7.0,2.3,17.4,7.4,9.9,2,0,2,2,0,0,0.0,69.1,1.13,78,4.58,104,-0.9,0.6,0.3,4.27
SP,8,Jeong Lee,R,12,12,3,6,.333,0,0,.000,0,.000,0,64.0,282,261,74,46,17,2,9,122,33,32,15,65,3,4.50,.284,.329,.467,.796,.346,1.39,12.9,1.3,10.4,2.1,9.1,4.3,23.0,5.3,17.7,2,1,0,2,0,0,0.0,74.3,0.97,99,3.92,89,-0.6,1.2,1.0,3.24
SP,26,Su-shun Nie,L,11,11,6,2,.750,0,0,.000,0,.000,0,69.1,279,266,66,45,15,1,5,98,24,20,9,26,1,2.60,.248,.273,.368,.642,.257,1.08,9.9,0.6,8.6,1.2,3.4,2.9,9.3,3.2,6.1,1,2,1,7,0,0,0.0,75.4,1.02,172,3.90,89,0.6,1.3,2.3,5.02
SP,2,Chua chay Niu,R,11,11,5,1,.833,0,0,.000,0,.000,0,66.1,273,243,49,30,9,3,7,85,24,24,23,68,5,3.26,.202,.282,.350,.632,.247,1.09,10.4,0.9,6.6,3.1,9.2,3.0,24.9,8.4,16.5,0,2,2,5,0,0,0.0,78.9,0.97,137,3.86,88,0.5,1.3,2.1,3.32
RP,30,Hwi-gon Chun,R,15,0,1,3,.250,3,1,.333,2,.667,0,16.2,81,69,23,19,2,0,2,31,14,14,7,18,3,7.56,.333,.412,.449,.862,.420,1.80,17.8,1.1,12.4,3.8,9.7,2.6,22.2,8.6,13.6,1,1,1,2,10,4,40.0,62.9,1.40,59,4.48,102,-0.8,0.0,-0.5,3.74
RP,6,Tse-peng Gong,R,19,0,0,1,.000,0,0,.000,0,.000,3,22.0,93,84,17,9,3,1,4,34,11,10,8,20,1,4.09,.202,.280,.405,.684,.217,1.14,10.6,1.6,7.0,3.3,8.2,2.5,21.5,8.6,12.9,0,0,1,1,12,1,8.3,73.5,0.80,109,5.05,115,0.0,-0.1,0.2,3.80
RP,24,Jimmy Hsia,R,23,0,2,0,1.000,13,12,.923,1,.077,3,17.2,67,67,12,11,1,0,0,13,2,2,0,27,0,1.02,.179,.179,.194,.373,.300,0.68,6.1,0.0,6.1,0.0,13.8,0.0,40.3,0.0,40.3,0,0,0,1,8,1,12.5,83.3,1.89,439,0.22,5,1.1,1.4,1.2,0.43
RP,16,Hyun-koo Ka,R,22,0,0,0,.000,1,0,.000,1,1.000,3,30.0,133,118,33,17,12,2,2,55,17,17,11,21,2,5.10,.280,.346,.466,.812,.320,1.47,13.8,0.6,9.9,3.3,6.3,1.9,15.8,8.3,7.5,0,2,1,3,15,5,33.3,67.1,0.61,88,4.04,92,-0.0,0.2,0.0,4.60
RP,25,Kiyohiro Kaneshiro,L,15,7,1,4,.200,0,0,.000,0,.000,2,36.2,183,159,50,33,11,0,6,79,28,22,17,30,5,5.40,.314,.396,.497,.892,.355,1.83,17.7,1.5,12.3,4.2,7.4,1.8,16.4,9.3,7.1,1,1,5,4,9,5,55.6,69.2,0.98,83,5.57,127,-1.0,-0.1,-0.4,4.62
RP,4,Xiong Loh,R,22,0,1,0,1.000,2,1,.500,1,.500,5,22.2,90,83,18,15,2,0,1,23,5,5,7,23,0,1.99,.217,.278,.277,.555,.288,1.10,9.9,0.4,7.1,2.8,9.1,3.3,25.6,7.8,17.8,0,0,1,2,17,3,17.6,84.7,1.22,225,2.75,62,1.3,0.6,0.9,2.92
RP,3,Midori Murakami,L,10,0,0,0,.000,1,1,1.000,0,.000,3,11.0,41,37,7,5,1,0,1,11,3,3,3,13,0,2.45,.189,.244,.297,.541,.250,0.91,8.2,0.8,5.7,2.5,10.6,4.3,31.7,7.3,24.4,0,1,0,2,10,2,20.0,81.4,1.15,182,2.91,66,0.6,0.2,0.3,2.08
CL,5,Yoichibei Inouye,R,30,0,3,3,.500,2,1,.500,1,.500,11,28.0,134,116,36,20,9,1,6,65,24,24,12,35,5,7.71,.310,.396,.560,.956,.395,1.71,17.0,1.9,11.6,3.9,11.2,2.9,26.1,9.0,17.2,0,1,2,3,14,1,7.1,65.0,1.22,58,5.38,123,-1.2,-0.3,-0.8,3.12
