POS,Name,G,GS,BIP,GB/FB,LD%,GB%,FB%,IFFB,HR/FB,IFH%,BUH%,Pull%,Cent%,Oppo%,Soft%,Med%,Solid%,EV,mEV,LA,BAR%,HHi%,xBACON,xSLGCON,xwOBACON,xBA,xSLG,xwOBA,xERA,PI,SW,WH,OSW,ZX,OS%,ZS%,SW%,OC%,ZC%,CTC%,WH%,CH%,Z%,CL%
SP,Bob Achbar,11,11,154,1.05,22.7%,39.6%,37.7%,14.0%,12.1%,1.6%,0.0%,36.4%,39.6%,24.0%,27.3%,45.5%,27.3%,86.2,114.7,14.4,12.3%,31.2%,.356,.659,.386,.250,.463,.320,3.81,1041,472,130,127,312,26.3,61.7,45.3,48.8,81.2,72.5,27.5,13.5,53.7,16.3
SP,Pablo Alvarez,11,11,188,1.38,20.2%,46.3%,33.5%,15.8%,11.1%,5.7%,0.0%,40.4%,32.4%,27.1%,24.5%,51.6%,23.9%,85.2,116.6,11.4,9.6%,27.1%,.341,.583,.345,.272,.467,.323,3.87,1037,461,106,137,336,27.6,60.0,44.5,57.7,85.2,77.0,23.0,11.7,52.1,15.5
SP,Andres Anguiano,11,11,185,1.47,22.7%,45.9%,31.4%,14.0%,12.1%,9.4%,0.0%,39.5%,34.1%,26.5%,27.0%,52.4%,20.5%,84.7,115.7,11.6,8.1%,25.4%,.350,.567,.341,.272,.441,.297,3.28,1021,479,123,140,283,29.4,62.3,46.9,53.6,82.9,74.3,25.7,13.6,53.3,19.0
SP,Antonio Avellaneda,11,11,188,1.34,20.2%,45.7%,34.0%,8.8%,14.1%,9.3%,0.0%,31.9%,38.8%,29.3%,21.8%,54.8%,23.4%,85.0,117.7,9.2,11.2%,22.9%,.335,.583,.340,.273,.474,.308,3.54,969,472,111,145,288,30.8,65.7,48.7,53.1,86.9,76.5,23.5,14.4,51.4,18.9
SP,Jay Barrientos,12,12,195,1.81,25.1%,48.2%,26.7%,6.9%,19.2%,6.4%,0.0%,42.1%,36.9%,21.0%,23.6%,55.9%,20.5%,84.6,114.7,4.6,10.8%,23.1%,.350,.611,.356,.259,.452,.303,3.43,1150,519,140,139,339,26.5,60.8,45.1,57.6,78.7,73.0,27.0,11.2,54.3,16.2
SP,Luis Basurto,11,11,188,1.18,23.4%,41.5%,35.1%,10.0%,13.6%,6.4%,0.0%,35.1%,40.4%,24.5%,23.4%,54.3%,22.3%,86.2,120.4,12.4,14.9%,25.5%,.385,.727,.421,.301,.570,.359,4.79,993,453,119,129,293,28.2,60.4,45.6,48.8,83.6,73.7,26.3,14.4,54.0,16.5
SP,Linus Beausoleil,12,12,182,1.47,33.5%,39.6%,26.9%,8.2%,10.2%,9.7%,0.0%,40.7%,32.4%,26.9%,25.8%,52.7%,21.4%,85.6,116.2,10.8,10.4%,26.4%,.365,.634,.368,.258,.447,.306,3.47,1171,530,160,167,359,29.9,59.3,45.3,45.5,81.0,69.8,30.2,16.3,52.3,17.1
SP,Jarrod Beckman,11,11,192,1.43,24.0%,44.8%,31.2%,9.4%,11.7%,1.2%,0.0%,46.4%,29.7%,24.0%,27.6%,51.6%,20.8%,84.4,118.9,9.2,8.9%,20.8%,.348,.570,.335,.299,.489,.343,4.37,1042,458,94,145,332,27.8,60.1,44.0,60.0,88.5,79.5,20.5,11.1,50.0,18.1
SP,Jimmy Biair,11,11,181,2.32,24.9%,52.5%,22.7%,3.5%,9.8%,3.2%,0.0%,36.5%,43.6%,19.9%,17.1%,59.7%,23.2%,87.4,117.6,4.4,8.3%,29.3%,.365,.544,.330,.271,.404,.278,2.87,1078,498,125,137,289,28.5,60.5,46.2,54.0,82.8,74.9,25.1,13.1,55.4,17.8
SP,Mike Blain,11,11,205,1.32,22.9%,43.9%,33.2%,9.6%,1.5%,3.3%,0.0%,38.5%,37.1%,24.4%,26.8%,50.7%,22.4%,84.8,115.7,9.7,7.8%,24.4%,.330,.529,.316,.276,.443,.300,3.34,1026,476,108,142,324,28.9,62.4,46.4,56.3,86.2,77.3,22.7,12.6,52.1,16.3
SP,Kingsley Bozek,11,11,190,2.05,29.5%,47.4%,23.2%,6.0%,18.2%,2.2%,0.0%,31.1%,39.5%,29.5%,24.2%,53.7%,22.1%,86.2,117.2,5.2,7.9%,26.3%,.343,.554,.335,.264,.426,.295,3.23,1084,489,126,148,347,27.7,62.1,45.1,48.0,85.6,74.2,25.8,14.4,50.6,17.3
SP,Slider Brooks,11,11,171,1.16,20.5%,42.7%,36.8%,16.3%,11.1%,8.2%,0.0%,43.3%,33.3%,23.4%,31.6%,48.0%,20.5%,81.7,118.9,10.5,10.5%,22.2%,.312,.548,.319,.230,.404,.277,2.85,993,441,130,136,313,28.5,59.1,44.4,47.1,81.0,70.5,29.5,15.1,52.0,16.5
SP,Huggy Bruce,12,12,229,2.13,27.5%,49.3%,23.1%,6.9%,20.8%,3.5%,0.0%,35.4%,36.7%,27.9%,24.0%,51.5%,24.5%,85.2,120.4,4.4,10.0%,27.1%,.412,.644,.390,.334,.523,.344,4.41,1147,532,117,142,307,28.4,60.3,46.4,60.6,84.4,78.0,22.0,11.2,56.4,16.8
SP,Joyee Cameron,12,12,175,1.15,27.4%,38.9%,33.7%,14.0%,13.6%,5.9%,0.0%,40.6%,36.0%,23.4%,20.6%,55.4%,24.0%,85.9,118.5,14.2,11.4%,26.3%,.323,.602,.341,.240,.447,.284,3.00,1034,471,120,139,297,29.1,59.7,45.6,51.8,84.0,74.5,25.5,14.0,53.8,17.5
SP,Tadeu Carneira,12,12,203,1.10,25.6%,38.9%,35.5%,13.7%,13.9%,6.3%,0.0%,36.5%,38.9%,24.6%,28.6%,45.8%,25.6%,84.9,117.9,14.3,12.3%,28.1%,.363,.640,.374,.259,.458,.298,3.31,1213,565,168,171,380,28.9,63.3,46.6,49.7,79.2,70.3,29.7,14.6,51.3,17.4
SP,Julio Carpinteyro,11,11,189,1.14,27.5%,38.6%,33.9%,6.9%,7.8%,5.5%,0.0%,32.8%,40.2%,27.0%,22.2%,56.6%,21.2%,86.1,119.1,12.1,9.5%,24.3%,.367,.605,.357,.290,.478,.314,3.67,1042,473,120,129,297,27.4,60.2,45.4,51.9,83.1,74.6,25.4,13.2,54.8,16.7
SP,Alvaro Castanon,12,12,221,1.59,24.9%,46.2%,29.0%,9.2%,20.3%,4.9%,0.0%,42.5%,33.0%,24.4%,22.6%,51.1%,26.2%,86.3,119.2,8.1,12.2%,29.9%,.404,.728,.431,.348,.626,.409,6.22,1097,506,94,137,335,26.1,64.4,46.1,63.5,88.1,81.4,18.6,9.5,52.2,17.2
SP,Bob Castillo,12,12,186,1.59,22.0%,47.8%,30.1%,9.3%,12.5%,6.7%,0.0%,39.2%,35.5%,25.3%,28.0%,47.8%,24.2%,84.8,116.6,5.7,10.2%,25.3%,.342,.599,.357,.274,.480,.334,4.15,1033,479,120,145,309,28.8,63.1,46.4,52.4,84.7,74.9,25.1,13.7,51.2,18.9
SP,Ji-an Chan,11,11,201,1.63,22.9%,47.8%,29.4%,10.5%,8.5%,6.2%,14.3%,41.8%,33.8%,24.4%,24.4%,49.8%,25.9%,85.3,119.6,7.7,9.0%,28.4%,.368,.571,.346,.298,.463,.326,3.96,1089,504,122,149,325,29.1,61.5,46.3,57.7,83.4,75.8,24.2,12.3,53.0,17.2
SP,Relly Crousse,12,12,195,1.72,20.5%,50.3%,29.2%,11.3%,12.3%,8.2%,0.0%,32.8%,36.4%,30.8%,32.3%,49.2%,18.5%,82.5,115.5,6.7,8.7%,23.1%,.352,.525,.320,.254,.379,.259,2.49,1166,539,144,159,347,28.7,62.1,46.2,52.8,81.8,73.3,26.7,13.5,52.5,17.8
SP,Beau Eschmann,12,12,193,1.98,24.4%,50.3%,25.4%,15.6%,10.2%,3.1%,0.0%,38.3%,35.2%,26.4%,30.1%,47.7%,22.3%,84.2,113.9,8.5,5.7%,25.4%,.356,.513,.321,.253,.366,.256,2.44,1154,522,156,176,334,31.9,57.4,45.2,51.1,79.8,70.1,29.9,15.6,52.3,18.8
SP,Luis Espiricueta,12,12,184,1.60,26.6%,45.1%,28.3%,6.9%,7.7%,4.8%,0.0%,39.1%,38.0%,22.8%,23.4%,51.1%,25.5%,86.0,117.0,8.4,13.0%,28.3%,.363,.630,.363,.276,.479,.322,3.86,1130,507,123,144,330,26.6,61.6,44.9,54.9,84.0,75.7,24.3,12.0,52.1,18.7
SP,Joshua Eyres,11,11,189,1.18,21.7%,42.3%,36.0%,6.4%,5.9%,11.2%,0.0%,38.1%,42.9%,19.0%,24.9%,58.2%,16.9%,83.2,118.9,12.5,6.3%,20.1%,.310,.460,.282,.241,.358,.271,2.73,1065,478,119,144,305,28.9,59.0,44.9,55.6,83.5,75.1,24.9,12.8,53.1,18.2
SP,Vismay Falcon,11,11,201,1.57,21.9%,47.8%,30.3%,11.4%,1.6%,5.2%,0.0%,33.8%,41.3%,24.9%,28.4%,51.7%,19.9%,83.0,114.8,7.5,9.0%,21.4%,.333,.551,.330,.255,.422,.276,2.84,1092,505,133,138,326,27.2,62.8,46.2,47.1,83.7,73.7,26.3,14.4,53.5,16.7
SP,Jeremy Fitch,11,11,201,1.13,25.9%,39.3%,34.8%,10.7%,7.1%,3.8%,0.0%,35.8%,34.3%,29.9%,25.9%,52.2%,21.9%,85.4,120.3,12.4,10.4%,22.9%,.358,.621,.365,.275,.477,.325,3.92,1141,500,122,128,322,24.2,60.9,43.8,57.0,82.0,75.6,24.4,10.4,53.5,18.2
SP,Heriberto Flores,11,11,176,1.28,25.0%,42.0%,33.0%,12.7%,6.9%,5.4%,8.3%,36.4%,34.7%,29.0%,26.7%,52.3%,21.0%,83.9,119.8,12.4,9.1%,23.3%,.317,.526,.308,.246,.408,.296,3.27,1064,480,126,140,353,25.8,65.3,45.1,54.3,81.8,73.8,26.3,11.8,49.0,17.9
SP,Juan Fonseca,10,10,184,2.08,19.6%,54.3%,26.1%,10.7%,6.2%,7.0%,0.0%,37.5%,38.0%,24.5%,28.8%,52.7%,18.5%,83.6,112.7,3.8,7.6%,23.9%,.339,.514,.312,.259,.392,.268,2.67,982,477,114,133,253,31.7,61.2,48.6,56.4,83.7,76.1,23.9,13.8,57.2,17.0
SP,Erik Garcia,12,11,179,1.37,28.5%,41.3%,30.2%,6.7%,13.0%,2.7%,20.0%,41.9%,30.7%,27.4%,28.5%,46.4%,25.1%,85.5,118.1,8.6,12.8%,26.8%,.388,.723,.417,.310,.577,.379,5.33,1012,458,126,131,302,26.8,62.4,45.3,55.7,79.2,72.5,27.5,11.9,51.8,18.4
SP,Ron Gelsomino,12,12,195,1.00,28.2%,35.9%,35.9%,8.8%,5.7%,2.9%,0.0%,36.9%,35.4%,27.7%,23.1%,56.4%,20.5%,83.9,114.5,13.9,11.8%,22.1%,.380,.673,.390,.293,.519,.345,4.42,1144,519,116,150,340,27.6,61.4,45.4,58.7,85.4,77.6,22.4,11.4,52.5,17.7
SP,Tony Hernandez,11,11,189,1.30,23.3%,43.4%,33.3%,15.0%,9.5%,3.7%,25.0%,34.4%,37.0%,28.6%,25.4%,46.0%,28.6%,85.3,116.9,11.6,13.2%,30.2%,.367,.696,.400,.269,.510,.328,4.01,1135,530,142,175,331,31.5,61.2,46.7,56.0,81.7,73.2,26.8,13.9,51.1,19.7
SP,Li-hong Ho,11,11,209,1.41,27.3%,42.6%,30.1%,8.3%,7.9%,3.4%,0.0%,38.3%,35.4%,26.3%,29.2%,49.3%,21.5%,83.5,114.2,8.3,5.7%,23.0%,.373,.550,.343,.286,.423,.312,3.61,1243,556,143,176,394,28.8,60.2,44.7,59.1,81.3,74.3,25.7,11.8,50.8,17.5
SP,Lanzo Huitron,12,12,215,1.26,24.2%,42.3%,33.5%,9.7%,12.5%,4.4%,0.0%,35.8%,37.2%,27.0%,18.1%,53.0%,28.8%,87.5,120.0,11.7,11.6%,33.0%,.369,.652,.382,.299,.529,.333,4.13,1113,506,123,155,320,29.8,59.3,45.5,57.4,83.8,75.7,24.3,12.7,53.2,18.1
SP,Hajime Ito,11,11,199,1.17,23.6%,41.2%,35.2%,6.0%,11.4%,3.7%,0.0%,33.7%,41.7%,24.6%,22.1%,52.3%,25.6%,86.5,123.9,10.2,13.6%,28.1%,.366,.722,.413,.296,.584,.375,5.23,1107,497,126,146,345,27.1,61.7,44.9,59.6,80.9,74.6,25.4,11.0,51.4,17.4
SP,Kai-xi Jia,12,12,179,1.13,19.0%,43.0%,38.0%,12.7%,11.8%,6.5%,0.0%,34.6%,40.8%,24.6%,31.3%,45.3%,23.5%,83.0,119.9,12.4,10.1%,24.6%,.362,.615,.370,.243,.412,.286,3.04,1173,535,156,166,342,30.0,59.6,45.6,52.4,79.1,70.8,29.2,14.3,52.8,18.1
SP,Al Joly,21,7,161,1.64,26.1%,46.0%,28.0%,8.0%,4.4%,5.4%,0.0%,36.0%,37.9%,26.1%,23.6%,57.1%,19.3%,85.1,115.1,9.8,5.6%,24.2%,.349,.529,.322,.261,.396,.284,2.99,946,428,117,132,285,28.7,60.9,45.2,53.0,81.4,72.7,27.3,13.5,51.4,18.5
SP,Benjamin Jones,11,11,201,1.20,23.4%,41.8%,34.8%,9.4%,11.4%,3.6%,0.0%,36.8%,33.3%,29.9%,22.9%,48.3%,28.9%,87.0,119.1,12.0,13.9%,31.3%,.386,.721,.416,.330,.617,.394,5.78,1003,464,98,129,289,27.9,61.9,46.3,62.0,85.4,78.9,21.1,10.6,53.9,17.2
SP,Chae-pong Kim,11,11,170,1.52,25.9%,44.7%,29.4%,9.6%,10.0%,6.6%,0.0%,42.4%,31.2%,26.5%,22.9%,57.1%,20.0%,84.1,116.1,6.8,11.2%,24.1%,.350,.616,.353,.272,.478,.318,3.75,975,465,122,152,288,32.0,62.6,47.7,57.9,81.5,73.8,26.2,13.5,51.3,19.2
SP,Alex Laso,11,11,194,0.89,25.8%,35.1%,39.2%,8.7%,14.5%,17.6%,0.0%,42.3%,29.9%,27.8%,22.7%,52.6%,24.7%,86.4,116.1,15.9,14.4%,25.8%,.396,.759,.437,.326,.624,.393,5.75,979,438,115,129,324,27.4,60.7,44.7,55.0,81.6,73.7,26.3,12.3,52.0,14.9
SP,Grant Latour,11,11,198,1.31,25.3%,42.4%,32.3%,9.6%,14.1%,7.1%,0.0%,44.4%,27.8%,27.8%,24.2%,50.5%,25.3%,85.9,120.1,10.2,12.1%,25.3%,.376,.682,.400,.323,.585,.379,5.35,968,459,95,136,285,30.1,62.6,47.4,62.5,86.4,79.3,20.7,11.3,53.3,17.3
SP,Trevor Laverick,11,11,192,1.37,27.1%,42.2%,30.7%,9.0%,10.2%,6.2%,0.0%,39.6%,43.2%,17.2%,21.9%,51.6%,26.6%,86.2,115.9,13.0,5.2%,27.6%,.355,.532,.331,.289,.433,.309,3.55,990,450,113,146,306,30.4,59.6,45.5,59.6,82.2,74.9,25.1,12.3,51.5,17.6
SP,Jim Lawrence,11,11,160,1.38,22.5%,45.0%,32.5%,10.2%,9.6%,5.6%,0.0%,40.6%,31.2%,28.1%,25.0%,56.2%,18.8%,84.1,117.0,9.8,9.4%,21.9%,.355,.586,.347,.250,.413,.309,3.55,1074,452,138,150,345,27.3,57.5,42.1,49.3,79.5,69.5,30.5,13.8,48.9,19.0
SP,Jeong Lee,12,12,198,1.49,23.2%,46.0%,30.8%,9.3%,14.8%,8.8%,0.0%,33.8%,38.4%,27.8%,26.8%,51.5%,21.7%,84.3,115.3,8.7,11.1%,23.7%,.355,.623,.367,.267,.469,.304,3.45,1132,521,143,157,339,29.3,61.0,46.0,51.6,81.6,72.6,27.4,14.2,52.7,17.3
SP,Ryan Lloyd,11,11,164,0.94,24.4%,36.6%,39.0%,7.7%,10.9%,11.7%,0.0%,34.8%,38.4%,26.8%,19.5%,53.0%,27.4%,86.3,119.5,13.3,12.2%,29.9%,.369,.656,.382,.257,.458,.297,3.28,999,452,134,148,303,30.5,59.3,45.2,54.7,78.0,70.4,29.6,13.8,51.4,18.3
SP,Billy Lorsung,11,11,190,1.43,25.8%,43.7%,30.5%,8.4%,3.4%,6.0%,0.0%,32.1%,37.4%,30.5%,23.2%,53.2%,23.7%,86.0,115.1,10.0,7.4%,26.3%,.352,.561,.336,.260,.414,.279,2.90,1084,514,125,158,320,31.9,60.5,47.4,54.4,85.1,75.7,24.3,14.5,54.2,16.2
SP,Chih Lum,11,11,168,1.09,29.2%,36.9%,33.9%,8.5%,8.8%,12.9%,33.3%,45.2%,28.6%,26.2%,26.8%,51.8%,21.4%,84.6,114.2,11.4,11.3%,22.6%,.350,.608,.354,.257,.446,.294,3.22,996,458,124,139,315,29.3,61.2,46.0,49.6,83.1,72.9,27.1,14.7,52.3,16.1
SP,Jose Madrid,12,12,184,1.15,27.7%,38.6%,33.7%,7.1%,8.1%,1.4%,0.0%,37.0%,34.8%,28.3%,22.3%,52.2%,25.5%,86.2,118.0,12.6,15.2%,27.2%,.391,.743,.424,.309,.587,.365,4.95,1031,486,122,153,315,31.2,61.7,47.1,57.5,82.9,74.9,25.1,13.2,52.4,17.1
SP,Rajam Masrani,12,12,218,1.91,29.4%,46.3%,24.3%,10.3%,13.2%,7.9%,0.0%,37.2%,38.1%,24.8%,27.5%,52.3%,20.2%,84.2,116.7,5.3,8.3%,22.9%,.336,.531,.316,.278,.439,.296,3.26,1172,546,131,169,349,29.9,62.2,46.6,58.6,83.8,76.0,24.0,12.4,51.7,18.5
SP,John McFadyen,11,11,168,0.88,22.6%,36.3%,41.1%,13.1%,15.9%,8.2%,0.0%,41.1%,31.0%,28.0%,23.2%,53.0%,23.8%,85.2,118.9,16.1,13.1%,25.6%,.337,.652,.371,.244,.472,.313,3.65,1076,486,153,154,336,29.8,59.3,45.2,51.9,76.2,68.5,31.5,14.3,52.0,16.7
SP,Matt McMillan,12,12,183,1.00,29.0%,35.5%,35.5%,9.3%,18.5%,9.2%,50.0%,38.3%,38.3%,23.5%,27.9%,50.3%,21.9%,85.0,114.9,13.4,10.9%,27.3%,.396,.679,.403,.303,.520,.347,4.48,1030,458,111,126,307,26.2,60.5,44.5,54.0,84.0,75.8,24.2,12.1,53.3,16.9
SP,R.J. Mendenhall,11,11,161,1.82,21.1%,50.9%,28.0%,19.0%,6.7%,2.4%,25.0%,41.0%,37.9%,21.1%,29.8%,52.2%,18.0%,82.9,115.5,7.9,9.3%,21.7%,.342,.557,.329,.253,.411,.279,2.90,924,417,122,137,277,29.7,60.5,45.1,45.3,83.2,70.7,29.3,16.3,50.1,19.9
SP,Julius Miller,12,12,252,2.07,25.8%,50.0%,24.2%,11.1%,8.2%,8.7%,0.0%,38.5%,37.7%,23.8%,23.4%,57.5%,19.0%,84.3,113.9,5.9,7.9%,20.6%,.355,.548,.330,.289,.445,.296,3.26,1274,600,139,167,363,28.6,62.7,47.1,53.3,85.9,76.8,23.2,13.4,54.2,17.3
SP,Miguel Moquete,12,12,192,1.52,24.0%,45.8%,30.2%,12.5%,6.9%,2.3%,0.0%,47.9%,30.7%,21.4%,27.6%,51.6%,20.8%,83.3,116.0,9.8,12.0%,24.0%,.370,.636,.375,.271,.466,.296,3.25,1081,534,141,167,313,32.4,65.0,49.4,52.1,83.4,73.6,26.4,15.5,52.3,18.8
SP,Luis Muratalla,12,12,232,1.43,26.7%,43.1%,30.2%,10.6%,8.6%,7.0%,0.0%,37.1%,34.1%,28.9%,23.3%,53.9%,22.8%,85.5,118.9,11.3,6.5%,24.1%,.339,.525,.314,.287,.445,.308,3.53,1182,546,115,163,357,29.1,61.7,46.2,60.1,86.9,78.9,21.1,11.6,52.5,17.3
SP,Kunimatsu Myaji,11,11,191,1.78,21.5%,50.3%,28.3%,12.6%,7.4%,11.5%,0.0%,38.7%,34.6%,26.7%,32.5%,38.7%,28.8%,83.9,114.8,7.4,9.9%,28.8%,.379,.614,.374,.275,.446,.309,3.55,1170,532,157,159,364,28.8,60.4,45.5,52.8,78.0,70.5,29.5,13.6,52.8,16.1
SP,Keiyo Nagao,11,11,189,2.08,16.9%,56.1%,27.0%,12.0%,5.9%,5.7%,0.0%,34.9%,39.7%,25.4%,34.4%,46.6%,19.0%,82.0,117.8,2.0,7.4%,19.6%,.321,.495,.303,.245,.377,.283,2.98,1088,492,131,153,336,28.6,61.3,45.2,49.7,84.1,73.4,26.6,14.4,50.8,18.3
SP,Su-shun Nie,11,11,243,1.61,25.9%,45.7%,28.4%,10.6%,7.2%,4.5%,0.0%,43.2%,37.4%,19.3%,24.7%,52.3%,23.0%,85.0,117.7,9.5,10.7%,26.7%,.358,.588,.343,.323,.531,.324,3.91,1065,530,92,130,285,27.3,67.9,49.8,64.6,88.5,82.6,17.4,9.7,55.3,17.9
SP,Chua chay Niu,11,11,177,1.18,19.8%,43.5%,36.7%,13.0%,10.8%,1.3%,0.0%,33.3%,44.6%,22.0%,25.4%,47.5%,27.1%,86.3,116.4,12.1,13.0%,27.7%,.367,.693,.400,.265,.501,.333,4.13,1066,487,153,175,304,34.2,56.3,45.7,51.4,78.2,68.6,31.4,16.6,52.0,19.5
SP,Jake Orthman,12,12,226,1.70,27.0%,46.0%,27.0%,10.7%,16.4%,3.8%,0.0%,43.4%,31.9%,24.8%,30.1%,45.1%,24.8%,84.2,116.4,8.9,11.9%,27.4%,.394,.666,.397,.295,.498,.327,3.98,1299,600,165,173,364,29.1,60.6,46.2,47.4,82.7,72.5,27.5,15.3,54.3,17.7
SP,Steve Pohlman,10,10,183,1.61,27.3%,44.8%,27.9%,8.9%,5.9%,2.4%,0.0%,42.1%,34.4%,23.5%,18.6%,56.8%,24.6%,87.4,115.4,10.6,7.7%,27.3%,.392,.606,.370,.309,.478,.316,3.71,967,447,101,128,267,27.6,63.4,46.2,58.6,85.0,77.4,22.6,11.4,52.0,20.4
SP,Matt Pontius,11,11,201,1.94,25.4%,49.3%,25.4%,7.8%,7.8%,2.0%,0.0%,38.3%,38.8%,22.9%,24.4%,50.2%,25.4%,86.3,117.9,6.2,10.4%,29.4%,.364,.609,.361,.295,.494,.319,3.77,1028,486,120,130,291,28.4,62.3,47.3,56.9,82.0,75.3,24.7,12.3,55.5,16.1
SP,Rocco Porcaro,11,11,225,1.62,26.7%,45.3%,28.0%,9.8%,7.9%,3.9%,0.0%,40.0%,33.8%,26.2%,27.1%,49.8%,23.1%,84.7,116.0,9.5,6.7%,25.8%,.338,.496,.304,.278,.409,.287,3.06,1159,548,122,152,308,29.6,61.3,47.3,65.1,82.6,77.7,22.3,10.3,55.7,17.7
SP,David Prentice,11,11,191,1.17,26.2%,39.8%,34.0%,11.3%,15.4%,5.3%,0.0%,38.7%,30.4%,30.9%,18.8%,60.2%,20.9%,85.5,116.6,13.3,8.9%,24.1%,.326,.544,.320,.261,.435,.330,4.05,1159,501,132,146,366,26.3,58.9,43.2,55.5,81.1,73.7,26.3,11.7,52.0,16.4
SP,Ed Rice,11,11,169,1.08,27.2%,37.9%,34.9%,12.4%,13.6%,6.2%,0.0%,33.1%,33.1%,33.7%,31.4%,48.5%,20.1%,83.5,113.3,12.7,13.0%,21.9%,.366,.677,.390,.279,.515,.348,4.51,991,459,126,138,305,29.6,61.1,46.3,49.3,82.6,72.5,27.5,15.0,53.0,16.2
SP,Carl Rodda,12,12,195,1.47,24.1%,45.1%,30.8%,10.3%,10.0%,0.0%,0.0%,37.4%,40.5%,22.1%,23.1%,50.3%,26.7%,85.4,116.5,11.3,11.8%,27.2%,.356,.625,.364,.261,.458,.304,3.43,1181,531,148,167,376,29.2,59.7,45.0,52.7,81.0,72.1,27.9,13.8,51.7,16.5
SP,Jon Rodriguez,11,11,184,0.89,22.8%,36.4%,40.8%,6.8%,21.3%,6.0%,0.0%,38.6%,34.8%,26.6%,24.5%,46.7%,28.8%,86.2,116.9,12.8,14.7%,29.9%,.371,.733,.418,.282,.557,.358,4.77,1066,478,133,153,327,28.6,61.2,44.8,49.7,82.8,72.2,27.8,14.4,49.8,19.5
SP,Salvador Romero,11,11,159,1.43,28.3%,42.1%,29.6%,8.7%,12.8%,6.0%,0.0%,40.3%,34.6%,25.2%,21.4%,55.3%,23.3%,85.4,119.7,10.6,8.2%,25.8%,.356,.583,.344,.250,.409,.306,3.48,1040,434,137,140,334,27.2,56.0,41.7,45.0,79.6,68.4,31.6,15.0,50.5,17.4
SP,Manel Romosinho,11,11,224,1.46,24.1%,45.1%,30.8%,7.3%,14.5%,8.9%,0.0%,38.4%,33.5%,28.1%,22.3%,51.3%,26.3%,87.1,119.2,8.1,12.1%,30.4%,.356,.638,.370,.278,.498,.311,3.60,1119,516,140,157,306,30.4,59.6,46.1,51.6,82.2,72.9,27.1,14.7,53.8,18.9
SP,George Roscoe,12,12,219,1.19,22.8%,42.0%,35.2%,12.6%,5.2%,2.2%,0.0%,35.6%,36.5%,27.9%,24.7%,50.7%,24.7%,85.6,115.5,13.8,9.1%,26.9%,.341,.568,.333,.260,.434,.276,2.82,1198,579,148,190,343,33.2,62.1,48.3,56.3,83.3,74.4,25.6,14.5,52.3,19.1
SP,Roberto Rueda,12,12,234,1.29,19.7%,45.3%,35.0%,10.9%,7.3%,3.8%,0.0%,43.2%,40.2%,16.7%,21.4%,54.7%,23.9%,85.6,119.1,10.2,11.1%,25.2%,.366,.644,.380,.298,.525,.346,4.44,1262,586,118,161,361,27.6,62.6,46.4,63.4,86.1,79.9,20.1,10.1,53.8,17.6
SP,Taxi Sabala,11,11,189,1.18,24.9%,40.7%,34.4%,11.6%,9.2%,2.6%,0.0%,33.9%,37.0%,29.1%,28.6%,47.6%,23.8%,84.8,121.9,13.0,10.1%,25.4%,.361,.609,.356,.290,.489,.314,3.66,982,452,105,127,279,29.7,58.7,46.0,59.1,83.7,76.8,23.2,12.1,56.4,15.2
SP,Yadisniel Saez,11,11,211,1.58,24.2%,46.4%,29.4%,8.0%,8.1%,4.1%,0.0%,41.7%,37.0%,21.3%,24.6%,61.1%,14.2%,83.0,119.8,6.1,5.2%,17.1%,.326,.471,.285,.257,.372,.270,2.72,1151,539,126,143,341,27.2,63.4,46.8,53.1,85.1,76.6,23.4,12.7,54.3,16.1
SP,Ryan Schwartz,12,12,192,1.03,28.1%,36.5%,35.4%,12.3%,11.8%,8.6%,0.0%,39.1%,34.4%,26.6%,22.9%,51.6%,25.5%,86.5,117.4,13.8,12.5%,27.6%,.360,.658,.381,.284,.518,.345,4.43,1103,495,128,146,319,27.7,60.7,44.9,56.8,81.4,74.1,25.9,11.9,52.1,18.9
SP,Feng Shuai,11,11,164,1.22,32.3%,37.2%,30.5%,7.8%,6.0%,0.0%,0.0%,37.8%,38.4%,23.8%,20.7%,60.4%,18.9%,83.8,111.4,12.6,8.5%,20.7%,.351,.558,.328,.260,.414,.298,3.30,984,435,103,121,282,26.2,60.2,44.2,52.1,85.7,76.3,23.7,12.6,53.0,18.3
SP,Salomé Sieuve,11,11,189,1.15,22.8%,41.3%,36.0%,7.2%,10.3%,0.0%,0.0%,30.7%,43.9%,25.4%,26.5%,47.1%,26.5%,86.0,114.9,10.2,12.2%,28.0%,.363,.653,.379,.292,.525,.349,4.52,1027,469,109,133,306,27.0,62.8,45.7,55.6,85.1,76.8,23.2,12.0,52.1,18.1
SP,Will Spangenberg,11,11,195,1.65,25.1%,46.7%,28.2%,3.8%,16.4%,4.4%,0.0%,42.6%,34.4%,23.1%,24.6%,49.7%,25.6%,86.1,115.8,4.5,12.3%,26.7%,.374,.682,.402,.311,.566,.375,5.24,1034,452,108,119,331,23.4,63.3,43.7,52.1,84.7,76.1,23.9,11.2,50.9,17.1
SP,Brent Starr,11,11,184,1.42,31.5%,40.2%,28.3%,9.1%,11.5%,9.5%,0.0%,33.2%,37.5%,29.3%,22.3%,56.5%,21.2%,85.3,117.9,10.2,8.7%,25.0%,.361,.592,.350,.286,.469,.321,3.84,1048,457,101,137,303,28.2,56.9,43.6,57.7,86.6,77.9,22.1,11.9,53.6,17.5
SP,Earl Starr,12,12,199,1.49,23.6%,45.7%,30.7%,11.1%,8.2%,2.2%,0.0%,36.2%,38.2%,25.6%,32.2%,44.7%,23.1%,83.5,114.1,9.0,8.5%,23.6%,.345,.564,.335,.279,.457,.325,3.93,1145,499,115,128,352,24.2,60.2,43.6,61.7,82.2,77.0,23.0,9.3,53.8,15.5
SP,Omezo Suyama,12,12,131,2.03,16.8%,55.7%,27.5%,13.8%,16.7%,12.3%,0.0%,34.4%,44.3%,21.4%,32.1%,41.2%,26.7%,84.2,117.0,5.7,7.6%,29.0%,.350,.552,.340,.193,.304,.253,2.38,1191,527,204,186,382,31.1,57.6,44.2,40.3,72.7,61.3,38.7,18.5,49.7,18.2
SP,Motoaki Tajiri,11,11,218,1.58,24.3%,46.3%,29.4%,10.3%,10.9%,5.9%,0.0%,41.3%,35.8%,22.9%,25.2%,50.0%,24.8%,86.0,116.0,9.0,10.1%,27.1%,.360,.612,.365,.285,.485,.322,3.87,1160,535,134,168,351,30.3,60.7,46.1,57.7,82.8,75.0,25.0,12.8,52.2,17.6
SP,Felix Talamantez,12,12,217,1.08,26.3%,38.2%,35.5%,9.0%,5.2%,6.0%,25.0%,37.3%,33.6%,29.0%,22.1%,53.5%,24.4%,86.5,117.3,12.4,13.4%,28.1%,.384,.708,.411,.306,.563,.364,4.93,1173,525,132,172,379,29.2,60.4,44.8,57.6,83.3,74.9,25.1,12.4,49.8,17.9
SP,Gerald Tanton,12,12,237,1.72,20.7%,50.2%,29.1%,15.3%,7.2%,5.0%,0.0%,40.9%,35.0%,24.1%,30.0%,48.1%,21.9%,83.9,116.9,8.0,9.3%,26.6%,.362,.581,.350,.294,.471,.306,3.49,1249,571,134,165,366,28.4,60.8,45.7,56.4,84.7,76.5,23.5,12.4,53.5,17.2
SP,B.J. Terriquez,11,11,194,1.34,29.9%,40.2%,29.9%,6.9%,10.3%,2.6%,0.0%,38.1%,38.7%,23.2%,25.8%,45.4%,28.9%,86.6,116.8,10.5,13.4%,32.0%,.412,.737,.433,.311,.557,.355,4.69,1089,491,134,154,315,30.0,58.6,45.1,51.3,82.5,72.7,27.3,14.6,52.8,18.3
SP,Quinn Topp,11,11,213,2.12,26.8%,49.8%,23.5%,11.2%,14.0%,3.8%,50.0%,41.8%,37.6%,20.7%,23.9%,55.4%,20.7%,84.5,115.1,5.4,7.5%,22.5%,.358,.567,.340,.307,.487,.339,4.27,1086,518,105,149,318,29.3,63.8,47.7,67.8,84.6,79.7,20.3,9.4,53.2,17.5
SP,Vince Tozier,11,11,193,1.63,29.0%,44.0%,26.9%,8.3%,17.3%,3.5%,50.0%,39.4%,33.7%,26.9%,27.5%,47.7%,24.9%,84.3,115.9,6.1,11.9%,25.4%,.398,.683,.400,.310,.532,.352,4.61,1076,479,117,139,329,27.6,59.4,44.5,51.8,85.3,75.6,24.4,13.3,53.2,16.3
SP,Uno Urquidez,11,11,179,1.55,27.4%,44.1%,28.5%,6.0%,11.8%,6.3%,0.0%,38.5%,35.2%,26.3%,20.7%,53.1%,26.3%,86.3,117.3,8.2,10.1%,26.8%,.382,.648,.386,.300,.509,.343,4.39,960,450,111,143,297,30.5,62.5,46.9,58.0,83.4,75.3,24.7,12.8,51.1,17.9
SP,Alberto Vasquez,12,12,199,1.87,20.6%,51.8%,27.6%,10.4%,5.5%,3.9%,0.0%,37.7%,39.2%,23.1%,27.1%,49.2%,23.6%,84.2,117.9,4.9,8.0%,25.1%,.344,.550,.335,.251,.401,.302,3.39,1248,539,153,170,365,28.7,56.3,43.2,51.2,81.0,71.6,28.4,14.0,52.6,18.2
SP,Sergio Vega,11,11,201,0.83,30.8%,31.3%,37.8%,8.0%,17.1%,3.2%,0.0%,38.3%,36.8%,24.9%,19.4%,57.2%,23.4%,87.4,121.0,17.8,12.4%,25.9%,.340,.647,.369,.287,.546,.340,4.31,983,447,103,138,286,30.3,58.5,45.5,55.8,86.4,77.0,23.0,13.4,53.7,17.2
SP,Michel Verde,12,12,228,1.33,32.5%,38.6%,28.9%,8.6%,19.7%,8.0%,0.0%,42.5%,32.5%,25.0%,22.4%,59.6%,18.0%,84.9,121.0,12.4,8.8%,22.4%,.359,.588,.352,.294,.481,.323,3.88,1209,538,128,161,361,28.2,59.0,44.5,50.3,87.3,76.2,23.8,14.0,52.9,17.3
SP,Yandri Vido,12,12,211,1.11,29.9%,37.0%,33.2%,12.0%,12.9%,2.6%,0.0%,36.0%,34.1%,29.9%,26.5%,51.2%,22.3%,85.2,117.2,13.9,12.8%,23.7%,.382,.685,.397,.280,.502,.332,4.10,1290,587,150,193,399,30.9,59.2,45.5,51.8,85.5,74.4,25.6,14.9,51.6,17.5
SP,Ken Wellon,11,11,225,0.93,23.6%,36.9%,39.6%,16.2%,15.7%,3.6%,0.0%,38.7%,35.6%,25.8%,25.3%,48.9%,25.8%,85.0,116.6,16.6,13.8%,27.1%,.356,.679,.389,.313,.597,.389,5.63,1169,525,105,132,363,24.0,63.5,44.9,59.1,87.0,80.0,20.0,9.8,53.0,16.0
SP,Taisei Yamamoto,12,12,191,0.92,24.6%,36.1%,39.3%,11.5%,9.3%,0.0%,0.0%,38.7%,31.9%,29.3%,23.0%,51.8%,25.1%,86.6,115.7,14.2,13.1%,26.2%,.365,.687,.394,.261,.491,.322,3.85,1161,547,159,176,344,32.6,59.7,47.1,54.0,79.0,70.9,29.1,15.0,53.5,16.9
SP,Ricky Zika,11,11,175,1.39,30.3%,40.6%,29.1%,12.5%,17.6%,1.4%,0.0%,38.3%,38.9%,22.9%,26.9%,54.9%,18.3%,83.8,117.8,12.6,7.4%,21.1%,.352,.556,.330,.258,.407,.279,2.90,1016,459,119,118,303,25.7,61.2,45.2,52.5,81.5,74.1,25.9,12.2,54.8,15.4
RP,Yolber Ajete,11,11,205,1.63,24.4%,46.8%,28.8%,10.1%,15.3%,8.3%,0.0%,34.6%,35.6%,29.8%,28.8%,48.8%,22.4%,84.7,115.5,8.2,10.2%,25.4%,.357,.594,.347,.277,.461,.306,3.48,1061,507,134,164,318,32.7,61.4,47.8,50.6,84.5,73.6,26.4,16.1,52.7,17.3
RP,Javy Alejo,11,11,157,1.25,24.2%,42.0%,33.8%,9.9%,15.1%,6.1%,0.0%,40.8%,30.6%,28.7%,25.5%,51.0%,23.6%,85.2,121.8,10.5,11.5%,25.5%,.347,.611,.364,.253,.446,.301,3.37,989,433,110,128,303,26.9,59.3,43.8,57.0,82.0,74.6,25.4,11.6,52.0,17.4
RP,Victor Franco,11,11,220,1.57,28.6%,43.6%,27.7%,6.5%,8.2%,7.3%,100.0%,42.7%,31.8%,25.5%,24.5%,49.5%,25.9%,85.3,117.4,7.9,7.7%,26.4%,.370,.576,.351,.298,.464,.312,3.62,1164,531,128,161,357,28.9,61.1,45.6,59.0,83.2,75.9,24.1,11.8,52.1,17.3
RP,Sal Mejia,11,11,157,1.28,21.7%,43.9%,34.4%,8.0%,5.6%,2.9%,0.0%,42.0%,33.8%,24.2%,22.9%,58.0%,19.1%,85.0,116.4,11.2,5.7%,19.7%,.328,.504,.306,.240,.370,.278,2.88,1003,451,123,138,326,26.8,64.1,45.0,48.6,83.4,72.7,27.3,13.8,48.7,18.8
RP,Satoru Sugimoto,11,11,199,1.10,28.1%,37.7%,34.2%,8.1%,14.7%,0.0%,0.0%,39.2%,32.2%,28.6%,20.6%,51.8%,27.6%,86.7,117.3,12.5,15.1%,31.7%,.393,.741,.422,.319,.602,.389,5.63,1083,511,128,152,331,28.8,64.6,47.2,49.3,85.8,75.0,25.0,14.6,51.3,18.1
RP,Alcides Zaldivar,11,11,178,2.04,21.3%,52.8%,25.8%,13.1%,4.3%,7.4%,0.0%,41.6%,33.1%,25.3%,24.7%,53.9%,21.3%,84.6,116.3,6.8,6.7%,25.8%,.329,.497,.305,.257,.388,.275,2.80,1003,429,96,95,304,20.7,61.5,42.8,53.7,84.4,77.6,22.4,9.6,54.1,15.6
CL,Arturo Panameno,12,12,228,1.15,25.4%,39.9%,34.6%,9.5%,11.4%,5.5%,0.0%,36.8%,39.0%,24.1%,28.5%,44.7%,26.8%,85.5,114.2,12.6,11.8%,27.6%,.382,.668,.396,.306,.535,.346,4.44,1163,540,132,176,364,31.8,59.7,46.4,59.1,83.5,75.6,24.4,13.0,52.5,16.3
