POS,Name,G,GS,PI,SW,WH,CH,OS%,ZS%,SW%,OC%,ZC%,Z%,WH%,CH%,CL%,RV-FB,RV-BR,RV-OFF,RV
SP,Hajime Ito,9,9,902,409,109,47,26.4,63.0,45.3,59.1,78.9,51.8,26.7,10.8,16.1,0.3,0.0,2.0,2.3
SP,Yasuhiro Katayama,7,7,626,293,63,29,30.6,60.2,46.8,66.7,83.5,54.6,21.5,10.2,18.5,-3.5,0.2,-1.6,-4.9
SP,Jeong Lee,9,9,831,379,108,57,28.6,60.7,45.6,49.1,80.9,52.9,28.5,14.6,16.5,-1.9,0.0,-4.5,-6.4
SP,Su-shun Nie,9,9,898,445,76,39,27.4,67.5,49.6,64.5,89.0,55.2,17.1,9.7,18.0,1.9,8.9,0.4,11.2
SP,Chua chay Niu,9,9,860,385,125,67,33.6,54.7,44.8,50.7,76.7,52.9,32.5,16.5,19.0,-2.2,3.9,1.6,3.3
RP,Hwi-gon Chun,11,0,232,110,36,16,36.2,58.6,47.4,61.9,70.6,50.0,32.7,13.8,21.6,1.9,-0.1,0.0,1.8
RP,Tse-peng Gong,16,0,310,134,34,22,30.9,56.8,43.2,56.0,85.7,47.7,25.4,13.6,17.4,1.4,0.0,-1.3,0.1
RP,Jimmy Hsia,20,0,237,108,37,24,38.5,52.5,45.6,46.7,79.4,50.6,34.3,20.5,18.1,3.6,4.4,0.0,8.0
RP,Hyun-koo Ka,18,0,397,165,27,15,22.4,60.2,41.6,65.9,90.1,50.6,16.4,7.7,18.9,2.3,0.0,-2.2,0.1
RP,Kiyohiro Kaneshiro,9,7,648,288,78,39,28.4,60.5,44.4,57.6,80.1,50.0,27.1,12.0,19.0,-0.4,-6.2,0.0,-6.6
RP,Xiong Loh,19,0,299,141,36,19,27.2,66.4,47.2,52.5,83.2,50.8,25.5,12.9,18.4,4.0,1.3,3.9,9.3
RP,Midori Murakami,5,0,90,42,16,12,45.7,47.7,46.7,42.9,81.0,48.9,38.1,26.1,20.0,4.4,0.0,0.3,4.7
CL,Yoichibei Inouye,26,0,481,203,59,29,24.6,58.1,42.2,48.2,79.6,52.6,29.1,12.7,16.4,-0.8,1.0,-2.7,-2.4
