POS,#,Name,Inf,B,T,G,PA,AB,H,2B,3B,HR,RBI,R,BB,IBB,HP,K,GIDP,AVG,OBP,SLG,ISO,OPS,OPS+,BABIP,WAR,SB,CS
C,35,Yoshitsugu Ishida,,S,R,30,119,109,19,2,0,3,10,9,8,0,0,22,0,.174,.229,.275,.101,.504,36,.188,-0.5,0,0
C,12,Yasuhiro Tsumoto,,R,R,24,86,66,13,3,0,0,5,8,19,0,1,22,1,.197,.384,.242,.045,.626,74,.295,0.3,0,1
1B,57,Cheng-qian Eng,,L,L,42,168,142,37,3,0,6,22,18,20,2,3,33,2,.261,.357,.408,.148,.766,106,.292,0.1,0,0
LF,21,Jin-soo Shinn,,R,R,23,101,88,28,5,1,8,22,19,11,0,0,17,4,.318,.386,.670,.352,1.057,179,.308,1.0,0,0
2B,28,Han-lee Choi,,R,R,41,162,142,42,11,0,2,11,9,15,0,1,28,2,.296,.362,.415,.120,.778,110,.351,0.6,0,0
2B,7,Ling-lai Li,,L,R,27,61,56,19,2,0,0,9,11,4,0,1,9,1,.339,.393,.375,.036,.768,109,.404,0.1,0,0
3B,9,Manichiro Kawasaki,,R,R,42,179,158,46,8,1,11,31,22,18,0,1,41,2,.291,.363,.563,.272,.926,146,.324,1.5,0,0
SS,34,Bitgaram Mangjeol,,R,R,39,141,130,22,9,0,0,5,12,8,0,0,56,2,.169,.217,.238,.069,.456,23,.297,-0.6,0,0
LF,18,Hideji Yamanaka,,R,L,26,112,99,30,11,3,2,11,14,11,0,1,16,2,.303,.375,.535,.232,.910,143,.341,0.6,0,0
2B,17,Zhong-shan Geng,,L,R,38,135,125,31,8,1,3,13,11,8,0,0,34,1,.248,.291,.400,.152,.691,85,.315,-0.1,3,1
RF,15,Etsuji Obata,,L,L,24,106,96,29,5,2,5,13,20,8,2,1,28,1,.302,.362,.552,.250,.914,143,.381,0.8,1,1
RF,59,Daniel Wang,,R,L,31,71,64,18,3,0,1,7,8,6,0,0,12,3,.281,.343,.375,.094,.718,94,.333,-0.2,0,0
