POS,Name,Inf,TM,LG,BIP,GB/FB,LD%,GB%,FB%,IFFB,HR/FB,IFH%,BUH%,Pull%,Cent%,Oppo%,Soft%,Avg%,Solid%,EV,mEV,LA,BAR,BAR%,HHi,HHi%,xBA,xSLG,xwOBA
SP,Yahya Kanoro,,Portland,RSL,95,0.87,23.2%,35.8%,41.1%,9.8%,17.9%,5.9%,0.0%,37.9%,33.7%,28.4%,18.9%,47.4%,33.7%,90.1,117.2,14.4,19,20.0%,34,35.8%,.286,.645,.396
C,Joe Adams,,Tucson,RSL,95,1.03,25.3%,37.9%,36.8%,13.6%,14.3%,5.6%,0.0%,37.9%,29.5%,32.6%,18.9%,44.2%,36.8%,90.0,119.1,13.5,16,16.8%,36,37.9%,.288,.593,.398
C,Hunter Begley,,St. Louis,RSL,111,1.25,27.0%,40.5%,32.4%,15.2%,8.3%,0.0%,0.0%,43.2%,42.3%,14.4%,29.7%,53.2%,17.1%,81.5,114.3,12.4,8,7.2%,20,18.0%,.258,.409,.304
C,Ray Boos,,Boston,RSL,103,0.92,33.0%,32.0%,35.0%,7.1%,25.0%,6.1%,0.0%,38.8%,29.1%,32.0%,20.4%,47.6%,32.0%,88.1,115.6,15.6,21,20.4%,34,33.0%,.300,.659,.389
C,Allen Braun,,Las Vegas,RSL,104,0.90,23.1%,36.5%,40.4%,12.1%,19.0%,2.6%,0.0%,51.0%,29.8%,19.2%,20.2%,39.4%,40.4%,90.0,116.2,14.2,25,24.0%,40,38.5%,.283,.673,.399
C,Cole Chermak,,Brooklyn,RSL,98,1.00,16.3%,41.8%,41.8%,15.8%,12.2%,2.4%,0.0%,53.1%,31.6%,15.3%,33.7%,52.0%,14.3%,79.9,113.6,12.9,6,6.1%,15,15.3%,.223,.364,.294
C,Tae-kyun Choi,,Chicago,RSL,118,1.17,24.6%,40.7%,34.7%,8.6%,7.3%,0.0%,0.0%,28.0%,40.7%,31.4%,20.3%,49.2%,30.5%,86.9,112.2,11.8,18,15.3%,35,29.7%,.310,.592,.356
C,Mark Crowley,,Phoenix,RSL,123,2.16,35.8%,43.9%,20.3%,5.8%,0.0%,3.7%,0.0%,33.3%,31.7%,35.0%,17.9%,67.5%,14.6%,84.2,111.6,9.7,4,3.3%,22,17.9%,.268,.356,.235
C,Dante Cuadra,,Minneapolis,RSL,104,1.02,22.1%,39.4%,38.5%,22.2%,10.0%,2.4%,0.0%,38.5%,29.8%,31.7%,25.0%,41.3%,33.7%,86.1,117.0,14.3,17,16.3%,34,32.7%,.292,.573,.364
C,Alrigo Dini,,Philadelphia,RSL,106,1.44,37.7%,36.8%,25.5%,9.0%,18.5%,10.3%,0.0%,34.0%,34.0%,32.1%,19.8%,59.4%,20.8%,84.8,113.2,12.9,7,6.6%,26,24.5%,.317,.471,.354
C,Roberto Fondin,,Maine,RSL,103,0.77,19.4%,35.0%,45.6%,19.4%,4.3%,2.8%,0.0%,35.9%,35.0%,29.1%,21.4%,49.5%,29.1%,88.4,117.9,19.7,14,13.6%,31,30.1%,.256,.496,.327
C,Merlin Garbie,,Buffalo,RSL,88,1.09,19.3%,42.0%,38.6%,9.8%,29.4%,5.4%,0.0%,39.8%,29.5%,30.7%,15.9%,46.6%,37.5%,92.0,118.9,11.5,19,21.6%,34,38.6%,.264,.591,.369
C,Jordan Garcia,,Cincinnati,RSL,122,1.74,23.8%,48.4%,27.9%,12.7%,5.9%,8.5%,0.0%,41.8%,41.0%,17.2%,34.4%,47.5%,18.0%,81.2,111.1,8.8,3,2.5%,23,18.9%,.298,.381,.273
C,Andy Gonzales,,Havana,RSL,109,0.80,27.5%,32.1%,40.4%,12.2%,25.0%,0.0%,0.0%,39.4%,35.8%,24.8%,18.3%,54.1%,27.5%,89.2,115.3,19.7,19,17.4%,32,29.4%,.247,.546,.345
C,Ryan Jarnagin,,Vancouver,RSL,133,1.72,26.3%,46.6%,27.1%,8.5%,11.1%,3.2%,0.0%,30.1%,34.6%,35.3%,35.3%,52.6%,12.0%,80.1,111.2,6.4,8,6.0%,20,15.0%,.343,.484,.365
C,O-jun Joh,,Yellowknife,RSL,95,1.81,20.0%,51.6%,28.4%,21.7%,7.4%,8.2%,0.0%,54.7%,29.5%,15.8%,35.8%,45.3%,18.9%,80.5,114.5,9.7,5,5.3%,20,21.1%,.241,.345,.269
C,Eloy Laca,,Washington,RSL,109,2.78,20.2%,58.7%,21.1%,2.2%,0.0%,6.2%,0.0%,28.4%,41.3%,30.3%,25.7%,58.7%,15.6%,81.9,112.4,-2.5,5,4.6%,24,22.0%,.254,.337,.283
C,Valerik Mirxayan,,Portland,RSL,91,1.88,17.6%,53.8%,28.6%,7.1%,19.2%,2.0%,0.0%,38.5%,36.3%,25.3%,20.9%,45.1%,34.1%,89.8,116.6,5.5,18,19.8%,34,37.4%,.258,.538,.336
C,Jose Neria,,Miami,RSL,93,1.72,26.9%,46.2%,26.9%,4.0%,20.0%,0.0%,0.0%,50.5%,41.9%,7.5%,16.1%,63.4%,20.4%,85.6,114.4,6.8,9,9.7%,24,25.8%,.293,.490,.349
C,Angel Ramirez,,Santiago,RSL,105,0.88,26.7%,34.3%,39.0%,10.1%,7.3%,8.3%,0.0%,26.7%,38.1%,35.2%,14.3%,59.0%,26.7%,88.8,114.2,14.7,14,13.3%,29,27.6%,.271,.524,.344
C,Tom Sarmiento,,Montreal,RSL,115,1.09,18.3%,42.6%,39.1%,7.6%,17.8%,6.1%,0.0%,47.8%,27.8%,24.3%,15.7%,53.0%,31.3%,88.2,113.8,11.9,14,12.2%,37,32.2%,.264,.503,.315
C,Tom Schwartzmiller,,Baltimore,RSL,91,0.72,24.2%,31.9%,44.0%,9.7%,7.5%,3.4%,0.0%,37.4%,34.1%,28.6%,20.9%,50.5%,28.6%,87.3,115.8,16.3,17,18.7%,26,28.6%,.263,.626,.400
C,Taiji Taira,,New York,RSL,95,2.18,26.3%,50.5%,23.2%,10.6%,0.0%,4.2%,0.0%,36.8%,42.1%,21.1%,22.1%,54.7%,23.2%,84.6,113.1,7.1,6,6.3%,23,24.2%,.270,.410,.300
C,Carlos Tenorio,,San Diego,RSL,97,1.41,27.8%,42.3%,29.9%,5.4%,13.8%,7.3%,0.0%,25.8%,43.3%,30.9%,15.5%,53.6%,30.9%,90.0,113.4,10.3,12,12.4%,34,35.1%,.265,.500,.341
1B,Tucker Adrian,,San Diego,RSL,126,0.96,27.0%,35.7%,37.3%,7.4%,21.3%,4.4%,0.0%,34.1%,38.9%,27.0%,12.7%,58.7%,28.6%,90.0,120.2,16.6,18,14.3%,40,31.7%,.294,.548,.362
1B,Raymilson Bayam,,Brooklyn,RSL,125,1.44,24.0%,44.8%,31.2%,13.0%,15.4%,1.8%,0.0%,35.2%,39.2%,25.6%,20.0%,47.2%,32.8%,88.9,112.8,12.1,21,16.8%,46,36.8%,.283,.568,.383
1B,Neosbel Benavides,,St. Louis,RSL,95,0.68,32.6%,27.4%,40.0%,10.1%,15.8%,0.0%,0.0%,36.8%,34.7%,28.4%,17.9%,38.9%,43.2%,92.3,121.9,19.7,29,30.5%,41,43.2%,.335,.819,.483
1B,Danny Berrios,,Maine,RSL,94,1.41,18.1%,47.9%,34.0%,6.1%,18.8%,4.4%,0.0%,47.9%,38.3%,13.8%,16.0%,45.7%,38.3%,89.9,113.4,7.5,15,16.0%,33,35.1%,.265,.534,.352
1B,Karl Cooper,,Montreal,RSL,132,1.14,20.5%,42.4%,37.1%,5.3%,26.5%,1.8%,0.0%,34.1%,39.4%,26.5%,12.1%,47.0%,40.9%,93.3,120.4,11.9,30,22.7%,58,43.9%,.357,.788,.485
1B,Jeremy Curzon,,Yellowknife,RSL,114,1.29,29.8%,39.5%,30.7%,8.7%,28.6%,2.2%,0.0%,47.4%,36.0%,16.7%,15.8%,47.4%,36.8%,91.4,117.1,10.6,26,22.8%,44,38.6%,.284,.634,.401
1B,Carlos Dorame,,Minneapolis,RSL,117,1.14,19.7%,42.7%,37.6%,13.4%,13.6%,6.0%,0.0%,34.2%,30.8%,35.0%,18.8%,47.9%,33.3%,89.5,119.8,14.0,16,13.7%,41,35.0%,.242,.464,.309
1B,Chris Eighmy,,Denver,RSL,101,0.60,25.7%,27.7%,46.5%,9.6%,19.1%,0.0%,0.0%,44.6%,33.7%,21.8%,13.9%,35.6%,50.5%,95.1,116.6,19.8,29,28.7%,52,51.5%,.300,.771,.456
1B,Cheng-qian Eng,,Seattle,RSL,112,1.26,29.5%,39.3%,31.2%,14.7%,17.1%,4.5%,0.0%,36.6%,36.6%,26.8%,23.2%,47.3%,29.5%,87.4,116.1,14.2,12,10.7%,39,34.8%,.269,.502,.347
1B,Xadreque Esperana,,Portland,RSL,140,0.96,22.9%,37.9%,39.3%,9.2%,20.0%,1.9%,0.0%,55.7%,40.0%,4.3%,24.3%,38.6%,37.1%,90.1,116.6,13.2,29,20.7%,53,37.9%,.327,.738,.460
1B,Sergio Folha,,Santiago,RSL,127,1.18,22.8%,41.7%,35.4%,6.8%,22.2%,5.7%,0.0%,34.6%,33.9%,31.5%,19.7%,47.2%,33.1%,89.6,116.6,7.4,22,17.3%,43,33.9%,.285,.595,.385
1B,Alex Guilzar,,Phoenix,RSL,134,0.78,16.4%,36.6%,47.0%,12.9%,15.9%,4.1%,0.0%,38.1%,34.3%,27.6%,11.2%,53.7%,35.1%,93.1,116.8,18.2,29,21.6%,60,44.8%,.291,.700,.434
1B,Cole Hickey,,Buffalo,RSL,138,1.04,26.1%,37.7%,36.2%,15.1%,16.0%,5.8%,0.0%,42.0%,31.2%,26.8%,23.9%,42.8%,33.3%,88.6,118.8,16.3,21,15.2%,53,38.4%,.295,.599,.365
1B,Chris Hodges,,Miami,RSL,131,0.83,24.4%,34.4%,41.2%,12.8%,20.4%,0.0%,0.0%,40.5%,33.6%,26.0%,16.8%,48.1%,35.1%,90.9,119.0,16.7,28,21.4%,49,37.4%,.323,.727,.433
1B,Chris Horn,,Las Vegas,RSL,117,1.55,28.2%,43.6%,28.2%,4.5%,18.2%,5.9%,0.0%,43.6%,35.9%,20.5%,16.2%,47.0%,36.8%,90.8,115.9,8.7,22,18.8%,45,38.5%,.308,.657,.408
1B,Mario Iglesias,,Cincinnati,RSL,101,1.69,30.7%,43.6%,25.7%,8.8%,7.7%,2.3%,0.0%,39.6%,41.6%,18.8%,31.7%,55.4%,12.9%,81.3,110.7,9.8,5,5.0%,16,15.8%,.267,.362,.265
1B,Michiyo Kazama,,Brooklyn,RSL,131,1.52,22.9%,46.6%,30.5%,7.1%,15.0%,6.6%,0.0%,48.1%,32.8%,19.1%,19.1%,45.8%,35.1%,89.5,115.7,8.7,19,14.5%,49,37.4%,.290,.549,.352
1B,Bu-wei Kuang,,Toronto,RSL,129,1.00,17.8%,41.1%,41.1%,13.2%,20.8%,5.7%,0.0%,37.2%,38.0%,24.8%,20.9%,37.2%,41.9%,90.0,119.8,13.4,21,16.3%,55,42.6%,.292,.618,.396
1B,Sung-hyo Kym,,Washington,RSL,114,0.96,19.3%,39.5%,41.2%,17.4%,17.0%,8.9%,0.0%,50.0%,27.2%,22.8%,24.6%,40.4%,35.1%,89.7,115.3,14.5,24,21.1%,41,36.0%,.292,.651,.396
1B,Mario Murillo,,Havana,RSL,124,0.91,30.6%,33.1%,36.3%,13.3%,11.1%,0.0%,0.0%,26.6%,35.5%,37.9%,17.7%,56.5%,25.8%,88.1,117.7,17.0,17,13.7%,36,29.0%,.283,.560,.369
1B,Rickey Pfau,,Phoenix,RSL,130,0.78,31.5%,30.0%,38.5%,8.8%,8.0%,2.6%,0.0%,40.8%,36.2%,23.1%,18.5%,60.0%,21.5%,85.7,112.6,18.1,14,10.8%,33,25.4%,.259,.470,.334
1B,Ordanis Regueira,,San Francisco,RSL,107,2.07,16.8%,56.1%,27.1%,10.6%,6.9%,3.3%,0.0%,24.3%,42.1%,33.6%,23.4%,58.9%,17.8%,83.3,109.5,3.7,8,7.5%,24,22.4%,.254,.413,.312
1B,Osmel Rivera,,Vancouver,RSL,134,0.91,20.1%,38.1%,41.8%,15.7%,12.5%,2.0%,0.0%,24.6%,33.6%,41.8%,19.4%,41.0%,39.6%,91.0,120.0,16.7,30,22.4%,55,41.0%,.318,.733,.428
1B,Trevor Short,,Boston,RSL,114,1.35,23.7%,43.9%,32.5%,12.5%,13.5%,4.0%,0.0%,43.9%,39.5%,16.7%,18.4%,48.2%,33.3%,89.9,116.4,10.6,17,14.9%,38,33.3%,.253,.541,.362
1B,Jim Snook,,Denver,RSL,158,1.36,34.2%,38.0%,27.8%,4.1%,15.9%,10.0%,0.0%,27.8%,41.1%,31.0%,20.3%,57.0%,22.8%,86.8,114.0,10.9,16,10.1%,41,25.9%,.328,.558,.350
1B,Tan Tsung,,Las Vegas,RSL,134,1.16,27.6%,38.8%,33.6%,11.0%,6.7%,0.0%,0.0%,41.0%,35.1%,23.9%,18.7%,51.5%,29.9%,88.1,115.6,12.5,20,14.9%,41,30.6%,.300,.566,.371
1B,Dennis Videaux,,Los Angeles,RSL,130,1.02,16.2%,42.3%,41.5%,14.7%,18.5%,3.6%,0.0%,46.9%,30.0%,23.1%,21.5%,48.5%,30.0%,88.9,120.5,14.5,22,16.9%,44,33.8%,.257,.549,.340
1B,Jason Wedel,,Toronto,RSL,123,1.44,22.8%,45.5%,31.7%,14.9%,12.8%,5.4%,0.0%,48.0%,36.6%,15.4%,17.1%,49.6%,33.3%,89.3,118.9,10.5,20,16.3%,43,35.0%,.279,.552,.338
1B,Harold Wicks,,Baltimore,RSL,137,1.32,20.4%,45.3%,34.3%,12.0%,17.0%,9.7%,0.0%,40.9%,38.7%,20.4%,22.6%,38.7%,38.7%,91.0,119.2,10.2,25,18.2%,54,39.4%,.329,.700,.455
2B,Al Anzaldua,,Los Angeles,RSL,116,1.50,31.0%,41.4%,27.6%,13.2%,9.4%,0.0%,0.0%,32.8%,39.7%,27.6%,19.8%,54.3%,25.9%,86.0,113.4,9.9,13,11.2%,32,27.6%,.333,.581,.363
2B,Adir Barrabi,,Los Angeles,RSL,107,1.38,17.8%,47.7%,34.6%,14.3%,10.8%,5.9%,0.0%,41.1%,38.3%,20.6%,26.2%,43.0%,30.8%,89.3,119.2,7.3,18,16.8%,33,30.8%,.228,.471,.313
2B,Jack Bird,,Brooklyn,RSL,143,2.81,30.8%,51.0%,18.2%,2.9%,3.8%,2.7%,0.0%,32.2%,36.4%,31.5%,42.7%,50.3%,7.0%,78.7,109.7,1.7,0,0.0%,14,9.8%,.317,.343,.273
2B,Sandy Canizares,,Washington,RSL,151,2.33,27.2%,51.0%,21.9%,4.1%,9.1%,7.8%,0.0%,39.7%,39.1%,21.2%,31.1%,52.3%,16.6%,82.5,112.9,3.8,7,4.6%,32,21.2%,.317,.427,.323
2B,Han-lee Choi,,Seattle,RSL,118,1.73,30.5%,44.1%,25.4%,9.1%,6.7%,7.7%,0.0%,32.2%,33.9%,33.9%,30.5%,53.4%,16.1%,82.2,112.4,9.7,5,4.2%,22,18.6%,.321,.437,.317
2B,DeMario Custodio,,San Francisco,RSL,124,1.61,24.2%,46.8%,29.0%,6.1%,19.4%,8.6%,0.0%,38.7%,41.1%,20.2%,21.0%,50.8%,28.2%,86.2,113.4,7.7,16,12.9%,36,29.0%,.283,.493,.310
2B,Joel Feldewerth,,Baltimore,RSL,132,2.38,25.8%,52.3%,22.0%,6.3%,3.4%,10.1%,20.0%,54.5%,31.1%,14.4%,48.5%,47.7%,3.8%,76.2,105.5,2.4,0,0.0%,12,9.1%,.323,.337,.300
2B,Jordan Flores,,Portland,RSL,128,2.65,25.8%,53.9%,20.3%,3.4%,15.4%,4.3%,0.0%,44.5%,32.0%,23.4%,32.0%,53.9%,14.1%,80.6,113.6,-0.3,7,5.5%,19,14.8%,.310,.423,.335
2B,Carlos Garza,,Havana,RSL,127,1.35,26.0%,42.5%,31.5%,11.0%,10.0%,5.6%,0.0%,39.4%,40.2%,20.5%,29.9%,57.5%,12.6%,80.3,116.9,9.4,7,5.5%,15,11.8%,.271,.406,.284
2B,Dusty Kenison,,Santiago,RSL,136,1.28,21.3%,44.1%,34.6%,9.2%,6.4%,3.3%,0.0%,28.7%,33.1%,38.2%,32.4%,51.5%,16.2%,80.2,111.9,9.6,12,8.8%,23,16.9%,.316,.484,.340
2B,Hisatada Konda,,Toronto,RSL,114,1.70,36.0%,40.4%,23.7%,7.4%,3.7%,0.0%,0.0%,46.5%,36.0%,17.5%,28.1%,60.5%,11.4%,80.1,111.8,8.2,3,2.6%,13,11.4%,.262,.324,.251
2B,Chris Kouri,,Yellowknife,RSL,117,1.02,23.9%,38.5%,37.6%,5.6%,18.2%,6.7%,0.0%,26.5%,38.5%,35.0%,16.2%,57.3%,26.5%,87.3,115.1,12.7,19,16.2%,36,30.8%,.298,.585,.375
2B,Craig Lightsey,,Houston,RSL,139,1.89,23.0%,50.4%,26.6%,8.7%,8.1%,7.1%,33.3%,36.7%,37.4%,25.9%,30.2%,53.2%,16.5%,81.9,111.5,2.7,8,5.8%,21,15.1%,.292,.418,.286
2B,Danny Nieto,,Vancouver,RSL,119,1.22,31.1%,37.8%,31.1%,2.7%,21.6%,4.4%,0.0%,26.9%,39.5%,33.6%,21.0%,57.1%,21.8%,84.5,110.8,11.2,11,9.2%,28,23.5%,.287,.434,.290
2B,Mike Phibbs,,Denver,RSL,119,2.00,26.9%,48.7%,24.4%,6.6%,6.9%,3.4%,0.0%,39.5%,32.8%,27.7%,19.3%,57.1%,23.5%,85.4,113.3,7.7,5,4.2%,32,26.9%,.302,.417,.280
2B,Tyler Plantholt,,Las Vegas,RSL,119,0.81,26.9%,32.8%,40.3%,15.0%,10.4%,0.0%,0.0%,39.5%,30.3%,30.3%,21.0%,45.4%,33.6%,88.5,116.6,19.5,21,17.6%,42,35.3%,.294,.632,.365
2B,Olly Roozeboom,,Phoenix,RSL,108,1.62,29.6%,43.5%,26.9%,1.6%,3.4%,6.4%,0.0%,36.1%,43.5%,20.4%,34.3%,50.0%,15.7%,81.4,113.7,5.7,3,2.8%,16,14.8%,.251,.335,.259
2B,Danny Rubio,,Baltimore,RSL,137,0.73,21.9%,32.8%,45.3%,9.8%,11.3%,13.3%,0.0%,38.0%,38.7%,23.4%,14.6%,50.4%,35.0%,89.4,118.4,14.5,32,23.4%,48,35.0%,.287,.650,.391
2B,Brandon Russell,,Kansas City,RSL,121,1.76,24.8%,47.9%,27.3%,11.1%,9.1%,12.1%,0.0%,43.0%,39.7%,17.4%,27.3%,58.7%,14.0%,82.6,113.9,5.2,7,5.8%,22,18.2%,.251,.364,.268
2B,Marcos Sardinas,,Kansas City,RSL,99,1.29,21.2%,44.4%,34.3%,12.7%,5.9%,11.4%,0.0%,29.3%,35.4%,35.4%,55.6%,41.4%,3.0%,76.0,102.8,13.5,0,0.0%,5,5.1%,.270,.295,.267
2B,Marcos Serna,,Boston,RSL,110,1.68,31.8%,42.7%,25.5%,9.5%,10.7%,6.4%,0.0%,33.6%,37.3%,29.1%,26.4%,62.7%,10.9%,81.8,111.7,10.4,2,1.8%,18,16.4%,.258,.325,.246
2B,Eddie Simon,,New York,RSL,108,1.93,24.1%,50.0%,25.9%,7.4%,10.7%,0.0%,0.0%,44.4%,37.0%,18.5%,22.2%,58.3%,19.4%,85.2,114.3,6.2,6,5.6%,23,21.3%,.270,.401,.291
2B,Ruben Vega,,Maine,RSL,119,1.30,28.6%,40.3%,31.1%,11.3%,16.2%,10.4%,0.0%,31.9%,42.9%,25.2%,17.6%,59.7%,22.7%,86.2,116.1,9.3,13,10.9%,29,24.4%,.229,.427,.271
3B,Bejo Ananas,,Buffalo,RSL,116,0.95,31.0%,33.6%,35.3%,9.1%,12.2%,10.3%,0.0%,28.4%,39.7%,31.9%,15.5%,53.4%,31.0%,90.9,119.9,15.3,17,14.7%,44,37.9%,.269,.572,.386
3B,Jason Brown,,Maine,RSL,108,1.93,26.9%,48.1%,25.0%,5.4%,14.8%,9.6%,0.0%,46.3%,37.0%,16.7%,25.9%,51.9%,22.2%,85.7,112.4,5.1,12,11.1%,25,23.1%,.267,.471,.331
3B,Jonathan Casarrubias,,Brooklyn,RSL,112,2.17,32.1%,46.4%,21.4%,6.7%,8.3%,0.0%,0.0%,36.6%,34.8%,28.6%,24.1%,63.4%,12.5%,82.4,112.6,5.5,3,2.7%,20,17.9%,.277,.373,.283
3B,Gilberto Cerda,,Minneapolis,RSL,130,3.05,40.8%,44.6%,14.6%,6.9%,0.0%,3.4%,50.0%,43.8%,36.2%,20.0%,23.1%,63.8%,13.1%,83.0,111.2,6.1,3,2.3%,19,14.6%,.300,.387,.321
3B,Sam Cone,,Minneapolis,RSL,118,2.07,27.1%,49.2%,23.7%,5.0%,0.0%,8.6%,0.0%,23.7%,39.0%,37.3%,57.6%,39.8%,2.5%,74.6,109.7,2.9,0,0.0%,9,7.6%,.262,.281,.211
3B,Ed Cromsie,,Las Vegas,RSL,137,1.71,30.7%,43.8%,25.5%,7.8%,8.6%,1.7%,0.0%,35.8%,44.5%,19.7%,26.3%,63.5%,10.2%,82.2,114.0,9.4,6,4.4%,21,15.3%,.296,.407,.286
3B,Per Fronteira,,Vancouver,RSL,154,1.35,29.9%,40.3%,29.9%,9.8%,21.7%,6.5%,0.0%,36.4%,40.3%,23.4%,21.4%,54.5%,24.0%,85.9,113.7,11.1,21,13.6%,43,27.9%,.305,.552,.348
3B,Vincent Horvers,,Philadelphia,RSL,134,0.84,20.1%,36.6%,43.3%,16.5%,25.9%,10.2%,0.0%,38.1%,34.3%,27.6%,20.1%,46.3%,33.6%,90.6,116.8,17.1,32,23.9%,49,36.6%,.310,.719,.425
3B,Yin-ti Huan,,Toronto,RSL,113,0.80,30.1%,31.0%,38.9%,12.8%,9.1%,11.4%,0.0%,28.3%,32.7%,38.9%,20.4%,52.2%,27.4%,85.8,116.0,17.3,15,13.3%,32,28.3%,.243,.480,.316
3B,Jonathan Johnsen,,Washington,RSL,99,1.25,27.3%,40.4%,32.3%,8.5%,6.2%,5.0%,0.0%,36.4%,31.3%,32.3%,20.2%,54.5%,25.3%,85.2,116.0,14.2,9,9.1%,27,27.3%,.254,.413,.278
3B,Manichiro Kawasaki,,Seattle,RSL,119,0.92,22.7%,37.0%,40.3%,13.3%,22.9%,2.3%,0.0%,47.1%,29.4%,23.5%,18.5%,43.7%,37.8%,90.1,116.9,15.5,25,21.0%,47,39.5%,.305,.673,.415
3B,Alexjandria Leija,,Denver,RSL,87,2.00,20.7%,52.9%,26.4%,4.9%,0.0%,10.9%,0.0%,47.1%,35.6%,17.2%,23.0%,52.9%,24.1%,86.4,113.8,4.5,8,9.2%,23,26.4%,.237,.373,.271
3B,Alex Lomeli,,New York,RSL,107,1.79,27.1%,46.7%,26.2%,5.3%,7.1%,10.0%,0.0%,43.9%,37.4%,18.7%,21.5%,59.8%,18.7%,84.1,108.3,7.6,6,5.6%,25,23.4%,.276,.384,.296
3B,Pedro Marcial,,Montreal,RSL,106,1.18,17.9%,44.3%,37.7%,11.9%,25.0%,4.3%,0.0%,43.4%,23.6%,33.0%,24.5%,40.6%,34.9%,88.1,117.1,8.7,25,23.6%,38,35.8%,.298,.699,.420
3B,Alex Monroy,,Miami,RSL,143,1.29,23.1%,43.4%,33.6%,6.2%,18.8%,3.2%,0.0%,32.9%,39.9%,27.3%,22.4%,44.1%,33.6%,88.5,119.0,7.7,30,21.0%,50,35.0%,.329,.711,.419
3B,Jeff O'Donnell,,Philadelphia,RSL,117,1.97,26.5%,48.7%,24.8%,5.0%,37.9%,3.5%,0.0%,53.8%,33.3%,12.8%,17.9%,47.0%,35.0%,90.2,115.4,4.9,18,15.4%,44,37.6%,.319,.624,.387
3B,Alderaan Pike,,Yellowknife,RSL,122,1.31,26.2%,41.8%,32.0%,2.8%,17.9%,5.9%,0.0%,38.5%,37.7%,23.8%,14.8%,47.5%,37.7%,92.2,117.5,9.9,27,22.1%,51,41.8%,.311,.659,.407
3B,Nelson Rivera,,Kansas City,RSL,99,1.89,18.2%,53.5%,28.3%,10.9%,14.3%,7.5%,0.0%,34.3%,31.3%,34.3%,25.3%,54.5%,20.2%,83.9,113.0,5.1,6,6.1%,23,23.2%,.242,.363,.248
3B,Dustin Siepker,,Havana,RSL,131,1.81,33.6%,42.7%,23.7%,6.7%,3.2%,8.9%,0.0%,32.1%,38.9%,29.0%,18.3%,57.3%,24.4%,86.1,114.0,7.5,14,10.7%,33,25.2%,.279,.460,.301
3B,Max Speed,,Tucson,RSL,105,0.78,21.9%,34.3%,43.8%,10.1%,15.2%,5.6%,0.0%,35.2%,37.1%,27.6%,17.1%,50.5%,32.4%,87.9,116.4,17.2,14,13.3%,31,29.5%,.284,.564,.356
3B,Robin Stevens,,Phoenix,RSL,142,0.76,21.8%,33.8%,44.4%,10.6%,12.7%,4.2%,0.0%,37.3%,33.8%,28.9%,19.0%,50.0%,31.0%,89.1,117.4,16.3,20,14.1%,46,32.4%,.301,.628,.387
3B,Kenny Sturdivant,,Tucson,RSL,116,1.20,16.4%,45.7%,37.9%,11.1%,4.5%,5.7%,0.0%,36.2%,37.1%,26.7%,21.6%,49.1%,29.3%,87.3,112.1,10.7,15,12.9%,34,29.3%,.272,.512,.347
3B,Jamie Swanson,,Boston,RSL,139,1.91,26.6%,48.2%,25.2%,11.1%,17.1%,1.5%,0.0%,22.3%,41.0%,36.7%,28.8%,59.7%,11.5%,82.3,117.0,6.3,7,5.0%,22,15.8%,.273,.387,.278
3B,Lanny Tabares,,St. Louis,RSL,118,1.83,28.0%,46.6%,25.4%,9.5%,3.3%,9.1%,0.0%,26.3%,47.5%,26.3%,22.0%,48.3%,29.7%,84.4,114.2,6.4,17,14.4%,39,33.1%,.283,.514,.362
3B,Javy Trinidad,,Minneapolis,RSL,136,1.00,23.5%,38.2%,38.2%,10.7%,13.5%,9.6%,0.0%,40.4%,30.9%,28.7%,25.0%,47.1%,27.9%,86.5,115.5,10.8,23,16.9%,40,29.4%,.302,.614,.388
3B,Manny Venzor,,Houston,RSL,137,2.34,29.2%,49.6%,21.2%,7.2%,10.3%,7.4%,0.0%,33.6%,39.4%,27.0%,32.8%,54.7%,12.4%,80.2,110.2,4.7,6,4.4%,20,14.6%,.304,.401,.278
3B,Conrad Vermeeren,,Cincinnati,RSL,98,1.42,23.5%,44.9%,31.6%,3.7%,12.9%,4.5%,0.0%,43.9%,34.7%,21.4%,21.4%,50.0%,28.6%,84.1,113.0,7.1,17,17.3%,27,27.6%,.270,.513,.342
3B,Guignard Vitagliano,,Baltimore,RSL,126,1.57,28.6%,43.7%,27.8%,11.3%,8.6%,7.3%,0.0%,29.4%,31.7%,38.9%,23.0%,55.6%,21.4%,83.7,113.0,11.0,9,7.1%,27,21.4%,.265,.393,.274
SS,Jorge Amasifuen,,Toronto,RSL,132,1.75,25.0%,47.7%,27.3%,13.0%,5.6%,3.2%,0.0%,34.8%,38.6%,26.5%,62.1%,31.8%,6.1%,74.0,108.8,9.6,2,1.5%,11,8.3%,.305,.344,.282
SS,Eliecer Arruebarrena,,Yellowknife,RSL,110,0.90,27.3%,34.5%,38.2%,9.7%,0.0%,0.0%,0.0%,28.2%,40.9%,30.9%,53.6%,43.6%,2.7%,76.0,105.6,14.1,0,0.0%,6,5.5%,.273,.301,.227
SS,Jeremy Chickering,,Los Angeles,RSL,106,2.74,33.0%,49.1%,17.9%,7.4%,5.3%,7.7%,0.0%,32.1%,42.5%,25.5%,41.5%,52.8%,5.7%,76.9,107.0,6.4,1,0.9%,6,5.7%,.321,.370,.298
SS,Eddie Flores,,Las Vegas,RSL,108,1.36,21.3%,45.4%,33.3%,10.2%,0.0%,10.2%,0.0%,32.4%,38.9%,28.7%,25.0%,56.5%,18.5%,82.7,113.5,9.2,6,5.6%,23,21.3%,.253,.378,.266
SS,Chris Fonville,,St. Louis,RSL,120,2.35,27.5%,50.8%,21.7%,10.2%,11.5%,3.3%,0.0%,38.3%,40.8%,20.8%,26.7%,55.0%,18.3%,82.9,115.7,4.7,7,5.8%,24,20.0%,.262,.376,.265
SS,Tony Guerra,,Portland,RSL,103,0.87,16.5%,38.8%,44.7%,7.9%,21.7%,2.5%,0.0%,42.7%,39.8%,17.5%,17.5%,48.5%,34.0%,90.5,115.1,9.6,25,24.3%,33,32.0%,.283,.672,.410
SS,Masakazu Inaba,,Miami,RSL,115,1.47,31.3%,40.9%,27.8%,5.9%,6.2%,10.6%,0.0%,31.3%,41.7%,27.0%,57.4%,38.3%,4.3%,77.0,107.0,10.7,0,0.0%,8,7.0%,.385,.419,.325
SS,Ron Jollymour,,Chicago,RSL,113,1.72,30.1%,44.2%,25.7%,6.3%,37.9%,2.0%,0.0%,52.2%,33.6%,14.2%,17.7%,48.7%,33.6%,90.1,116.7,5.6,21,18.6%,44,38.9%,.287,.598,.375
SS,Vance Kitchen,,Baltimore,RSL,115,2.25,32.2%,47.0%,20.9%,8.2%,4.2%,11.1%,0.0%,40.9%,36.5%,22.6%,37.4%,53.9%,8.7%,78.1,112.0,3.8,4,3.5%,17,14.8%,.316,.407,.305
SS,Ruden Lopez,,San Francisco,RSL,127,2.36,41.7%,40.9%,17.3%,5.3%,9.1%,3.8%,14.3%,33.9%,30.7%,35.4%,57.5%,40.2%,2.4%,76.7,108.8,9.7,1,0.8%,7,5.5%,.440,.490,.378
SS,Bitgaram Mangjeol,,Seattle,RSL,77,1.68,23.4%,48.1%,28.6%,20.0%,0.0%,2.7%,0.0%,32.5%,36.4%,31.2%,72.7%,27.3%,0.0%,69.5,96.2,8.6,0,0.0%,1,1.3%,.190,.205,.174
SS,Ginjiro Muranaka,,Montreal,RSL,108,2.00,27.8%,48.1%,24.1%,3.6%,7.7%,5.8%,0.0%,49.1%,29.6%,21.3%,13.0%,62.0%,25.0%,89.1,114.4,5.8,9,8.3%,32,29.6%,.208,.327,.248
SS,Omar Ozoa,,Minneapolis,RSL,90,0.94,22.2%,37.8%,40.0%,14.3%,5.6%,2.9%,0.0%,37.8%,36.7%,25.6%,23.3%,47.8%,28.9%,86.5,116.8,12.4,12,13.3%,27,30.0%,.260,.500,.340
SS,Clive Pritchard,,Portland,RSL,107,1.83,23.4%,49.5%,27.1%,7.4%,10.3%,1.9%,0.0%,34.6%,41.1%,24.3%,46.7%,47.7%,5.6%,76.8,110.1,4.9,2,1.9%,7,6.5%,.244,.305,.228
SS,Mike Ramirez,,Phoenix,RSL,115,0.93,27.8%,34.8%,37.4%,12.0%,14.0%,7.5%,0.0%,40.9%,41.7%,17.4%,20.0%,53.0%,27.0%,85.2,115.5,13.9,16,13.9%,29,25.2%,.262,.502,.320
SS,Kien Sa,,Vancouver,RSL,125,1.90,32.8%,44.0%,23.2%,5.7%,17.2%,16.4%,0.0%,44.0%,31.2%,24.8%,23.2%,53.6%,23.2%,85.1,116.6,7.5,10,8.0%,33,26.4%,.302,.474,.332
SS,Kevin Shouse,,Boston,RSL,106,1.74,30.2%,44.3%,25.5%,10.2%,3.7%,6.4%,0.0%,37.7%,35.8%,26.4%,45.3%,48.1%,6.6%,76.3,110.2,6.8,2,1.9%,11,10.4%,.308,.351,.282
SS,Nate Tinsley,,Santiago,RSL,125,1.40,17.6%,48.0%,34.4%,18.5%,4.7%,5.0%,0.0%,37.6%,31.2%,31.2%,29.6%,53.6%,16.8%,81.7,112.3,10.2,4,3.2%,25,20.0%,.243,.319,.223
SS,Andres Trevino,,Chicago,RSL,105,1.11,29.5%,37.1%,33.3%,6.1%,8.6%,5.1%,33.3%,36.2%,39.0%,24.8%,29.5%,57.1%,13.3%,81.4,109.9,8.5,6,5.7%,14,13.3%,.201,.318,.245
SS,Robby Vieyra,,Kansas City,RSL,106,0.95,22.6%,37.7%,39.6%,7.6%,11.9%,7.5%,0.0%,33.0%,35.8%,31.1%,22.6%,52.8%,24.5%,85.0,114.5,11.9,13,12.3%,28,26.4%,.278,.488,.339
SS,Victor Yero,,Brooklyn,RSL,108,1.26,28.7%,39.8%,31.5%,15.4%,2.9%,9.3%,0.0%,40.7%,41.7%,17.6%,32.4%,53.7%,13.9%,80.0,114.4,13.5,2,1.9%,17,15.7%,.286,.337,.247
SS,Luis Zatarain,,Cincinnati,RSL,104,1.76,23.1%,49.0%,27.9%,7.5%,20.7%,9.8%,0.0%,55.8%,27.9%,16.3%,19.2%,52.9%,27.9%,87.8,115.9,3.4,14,13.5%,30,28.8%,.257,.502,.343
SS,Brian Zeeff,,Tucson,RSL,139,1.91,28.8%,46.8%,24.5%,1.4%,8.8%,4.6%,0.0%,32.4%,39.6%,28.1%,25.2%,53.2%,21.6%,84.3,114.0,4.5,10,7.2%,35,25.2%,.300,.472,.329
LF,Sardis Abrego,,Las Vegas,RSL,121,0.72,17.4%,34.7%,47.9%,11.4%,12.1%,7.1%,0.0%,38.0%,44.6%,17.4%,17.4%,47.1%,35.5%,91.1,119.1,15.0,24,19.8%,45,37.2%,.275,.614,.384
LF,Jordan Alvarez,,Havana,RSL,115,0.73,21.7%,33.0%,45.2%,15.6%,11.5%,2.6%,0.0%,39.1%,33.0%,27.8%,19.1%,44.3%,36.5%,89.3,117.1,20.2,20,17.4%,38,33.0%,.318,.668,.404
LF,Trevor Augustine,,Kansas City,RSL,110,1.69,21.8%,49.1%,29.1%,7.1%,3.1%,5.6%,0.0%,40.0%,43.6%,16.4%,20.9%,62.7%,16.4%,84.0,116.9,6.4,5,4.5%,22,20.0%,.257,.359,.265
LF,Yem Batista,,Santiago,RSL,135,1.18,20.7%,43.0%,36.3%,10.4%,12.2%,3.4%,0.0%,42.2%,32.6%,25.2%,17.8%,53.3%,28.9%,88.8,119.4,10.3,18,13.3%,44,32.6%,.290,.560,.349
LF,Edward Black,,Philadelphia,RSL,155,1.11,23.9%,40.0%,36.1%,9.7%,10.7%,1.6%,0.0%,27.7%,37.4%,34.8%,21.3%,41.3%,37.4%,88.9,117.3,12.0,27,17.4%,62,40.0%,.338,.694,.406
LF,Rick Brace,,Chicago,RSL,117,1.26,26.5%,41.0%,32.5%,11.6%,13.2%,4.2%,0.0%,41.0%,35.9%,23.1%,24.8%,57.3%,17.9%,83.1,113.7,10.6,9,7.7%,25,21.4%,.266,.417,.300
LF,Chris Brankin,,Maine,RSL,126,1.04,25.4%,38.1%,36.5%,12.8%,10.9%,4.2%,100.0%,38.9%,41.3%,19.8%,20.6%,48.4%,31.0%,88.0,114.4,12.1,18,14.3%,47,37.3%,.303,.574,.387
LF,Bobby Brito,,Montreal,RSL,139,1.04,22.3%,39.6%,38.1%,13.1%,13.2%,3.6%,0.0%,43.9%,33.1%,23.0%,23.7%,48.9%,27.3%,88.0,117.5,13.6,21,15.1%,46,33.1%,.292,.597,.379
LF,Koji Chinea,,Baltimore,RSL,110,1.00,29.1%,35.5%,35.5%,8.5%,20.5%,7.7%,0.0%,38.2%,32.7%,29.1%,11.8%,53.6%,34.5%,91.1,118.2,14.4,23,20.9%,39,35.5%,.285,.640,.415
LF,Wayne Curran,,San Francisco,RSL,113,1.16,14.2%,46.0%,39.8%,13.1%,17.8%,0.0%,0.0%,53.1%,32.7%,14.2%,21.2%,47.8%,31.0%,89.7,119.5,12.9,14,12.4%,41,36.3%,.238,.454,.289
LF,Cody Daniels,,Miami,RSL,103,1.79,21.4%,50.5%,28.2%,11.8%,20.7%,1.9%,0.0%,42.7%,33.0%,24.3%,20.4%,46.6%,33.0%,89.6,115.9,7.5,13,12.6%,38,36.9%,.241,.445,.286
LF,Marco Feron,,Houston,RSL,140,3.57,25.0%,58.6%,16.4%,5.2%,4.3%,8.5%,0.0%,38.6%,42.1%,19.3%,27.1%,60.0%,12.9%,82.5,111.5,1.0,5,3.6%,24,17.1%,.295,.367,.275
LF,Jose Fierro,,Yellowknife,RSL,129,1.15,33.3%,35.7%,31.0%,6.0%,5.0%,8.7%,0.0%,25.6%,41.1%,33.3%,28.7%,63.6%,7.8%,80.3,109.8,11.9,3,2.3%,14,10.9%,.317,.410,.300
LF,Marcos Galarraga,,St. Louis,RSL,81,0.66,22.2%,30.9%,46.9%,5.4%,23.7%,0.0%,0.0%,33.3%,44.4%,22.2%,14.8%,40.7%,44.4%,93.6,116.0,19.5,20,24.7%,39,48.1%,.331,.773,.485
LF,Ray Garcia,,Denver,RSL,110,1.49,20.9%,47.3%,31.8%,8.6%,5.7%,3.8%,0.0%,52.7%,28.2%,19.1%,21.8%,52.7%,25.5%,87.5,116.6,6.4,11,10.0%,28,25.5%,.258,.465,.311
LF,Jose Gonzales,,Los Angeles,RSL,136,1.07,36.0%,33.1%,30.9%,4.4%,16.7%,4.4%,0.0%,39.7%,36.8%,23.5%,13.2%,57.4%,29.4%,90.7,115.0,13.3,20,14.7%,46,33.8%,.294,.570,.348
LF,Matty Hrinko,,Buffalo,RSL,135,1.39,22.2%,45.2%,32.6%,20.3%,6.8%,1.6%,0.0%,40.0%,38.5%,21.5%,31.9%,57.8%,10.4%,79.5,111.3,13.3,2,1.5%,17,12.6%,.242,.294,.257
LF,Trevor Hutchinson,,Tucson,RSL,91,1.22,9.9%,49.5%,40.7%,15.2%,18.9%,4.4%,0.0%,42.9%,29.7%,27.5%,18.7%,46.2%,35.2%,89.0,117.2,6.0,16,17.6%,32,35.2%,.233,.505,.347
LF,Michael Keding,,San Diego,RSL,129,0.91,21.7%,37.2%,41.1%,12.3%,17.0%,12.5%,0.0%,39.5%,35.7%,24.8%,17.8%,47.3%,34.9%,90.3,123.9,13.5,23,17.8%,51,39.5%,.288,.616,.399
LF,Jimmy Keener,,Brooklyn,RSL,125,1.19,26.4%,40.0%,33.6%,13.3%,2.4%,8.0%,0.0%,28.8%,38.4%,32.8%,20.8%,58.4%,20.8%,85.1,114.1,14.4,13,10.4%,30,24.0%,.292,.495,.323
LF,Mark Kubina,,Vancouver,RSL,115,2.62,33.9%,47.8%,18.3%,6.7%,9.5%,7.3%,0.0%,37.4%,31.3%,31.3%,31.3%,55.7%,13.0%,80.9,110.8,7.2,2,1.7%,22,19.1%,.322,.386,.288
LF,Allen Lafontaine,,Brooklyn,RSL,113,1.12,23.0%,40.7%,36.3%,14.9%,14.6%,2.2%,0.0%,48.7%,36.3%,15.0%,30.1%,48.7%,21.2%,80.9,113.6,10.3,13,11.5%,25,22.1%,.261,.442,.295
LF,Matt Lawson,,Miami,RSL,113,1.72,23.0%,48.7%,28.3%,10.3%,21.9%,5.5%,0.0%,39.8%,37.2%,23.0%,16.8%,52.2%,31.0%,89.3,118.8,9.1,16,14.2%,38,33.6%,.306,.543,.348
LF,Edgar Malhado,,San Diego,RSL,127,1.31,18.1%,46.5%,35.4%,10.3%,11.1%,0.0%,0.0%,43.3%,28.3%,28.3%,18.1%,44.1%,37.8%,91.6,119.5,11.2,19,15.0%,52,40.9%,.292,.578,.392
LF,Casey Marko,,Kansas City,RSL,131,2.21,31.3%,47.3%,21.4%,1.4%,7.1%,3.2%,0.0%,36.6%,29.8%,33.6%,26.0%,52.7%,21.4%,83.3,113.7,0.7,9,6.9%,28,21.4%,.308,.445,.300
LF,Mike McKasson,,Tucson,RSL,126,1.19,27.0%,39.7%,33.3%,11.8%,11.9%,0.0%,0.0%,31.7%,33.3%,34.9%,21.4%,49.2%,29.4%,87.8,116.3,14.2,21,16.7%,38,30.2%,.301,.605,.403
LF,Billy Morf,,Phoenix,RSL,141,1.50,25.5%,44.7%,29.8%,9.0%,23.8%,6.3%,0.0%,51.1%,26.2%,22.7%,17.7%,48.9%,33.3%,90.0,117.8,7.0,26,18.4%,52,36.9%,.308,.642,.400
LF,Danny Mrazek,,New York,RSL,135,1.56,18.5%,49.6%,31.9%,8.8%,2.3%,4.5%,0.0%,35.6%,49.6%,14.8%,23.0%,55.6%,21.5%,83.9,112.9,9.5,9,6.7%,32,23.7%,.267,.414,.291
LF,Sean Oehlert,,San Francisco,RSL,140,2.19,27.1%,50.0%,22.9%,2.9%,9.4%,2.9%,0.0%,40.0%,34.3%,25.7%,27.1%,62.1%,10.7%,81.9,114.4,5.5,8,5.7%,20,14.3%,.275,.383,.269
LF,Harold Pond,,Kansas City,RSL,127,1.48,22.0%,46.5%,31.5%,5.9%,2.5%,1.7%,0.0%,39.4%,40.9%,19.7%,19.7%,57.5%,22.8%,85.1,114.3,8.1,8,6.3%,33,26.0%,.260,.371,.275
LF,Ramiro Rexach,,San Diego,RSL,120,2.52,32.5%,48.3%,19.2%,4.8%,4.3%,5.2%,0.0%,37.5%,41.7%,20.8%,25.8%,60.0%,14.2%,81.5,111.9,5.3,2,1.7%,21,17.5%,.298,.372,.289
LF,Bobby Rojas,,Buffalo,RSL,91,1.06,27.5%,37.4%,35.2%,10.5%,21.9%,0.0%,0.0%,45.1%,37.4%,17.6%,15.4%,52.7%,31.9%,90.6,116.6,14.0,11,12.1%,33,36.3%,.251,.467,.351
LF,Matt Salmon,,Chicago,RSL,119,0.84,22.7%,35.3%,42.0%,13.0%,24.0%,2.4%,0.0%,36.1%,35.3%,28.6%,14.3%,49.6%,36.1%,92.1,117.8,18.9,25,21.0%,44,37.0%,.294,.648,.403
LF,Felix Sanchez,,Portland,RSL,114,1.05,28.1%,36.8%,35.1%,15.3%,10.0%,11.9%,0.0%,36.0%,36.8%,27.2%,25.4%,57.9%,16.7%,83.2,114.5,16.0,6,5.3%,22,19.3%,.259,.368,.287
LF,Mike Santoli,,Havana,RSL,151,0.98,22.5%,38.4%,39.1%,12.9%,5.1%,5.2%,0.0%,27.2%,34.4%,38.4%,19.2%,55.6%,25.2%,85.4,116.1,14.4,14,9.3%,39,25.8%,.276,.473,.310
LF,Chad Schoepp,,Toronto,RSL,126,2.44,31.7%,48.4%,19.8%,13.8%,8.0%,3.3%,0.0%,42.1%,32.5%,25.4%,31.0%,54.0%,15.1%,81.8,111.8,5.2,7,5.6%,20,15.9%,.334,.449,.319
LF,Henry Sosa,,Boston,RSL,133,1.00,24.8%,37.6%,37.6%,8.4%,26.0%,6.0%,0.0%,41.4%,39.8%,18.8%,17.3%,46.6%,36.1%,91.9,115.7,13.0,30,22.6%,51,38.3%,.334,.755,.447
LF,Geoff Tankersley,,Cincinnati,RSL,123,1.65,20.3%,49.6%,30.1%,4.8%,5.4%,3.3%,0.0%,41.5%,35.0%,23.6%,22.0%,51.2%,26.8%,85.8,111.9,5.2,13,10.6%,40,32.5%,.273,.460,.322
LF,Juan Villa,,Tucson,RSL,98,3.05,21.4%,59.2%,19.4%,15.0%,0.0%,5.2%,0.0%,26.5%,40.8%,32.7%,37.8%,56.1%,6.1%,77.8,103.7,5.8,0,0.0%,11,11.2%,.293,.308,.305
CF,Armando Blea,,Toronto,RSL,111,2.08,27.9%,48.6%,23.4%,7.0%,0.0%,5.6%,0.0%,25.2%,40.5%,34.2%,37.8%,52.3%,9.9%,78.8,111.4,5.6,0,0.0%,12,10.8%,.267,.293,.225
CF,Mark Buchanan,,Toronto,RSL,128,1.33,23.4%,43.8%,32.8%,8.3%,4.8%,5.4%,0.0%,35.9%,27.3%,36.7%,21.9%,60.9%,17.2%,82.8,114.3,9.0,13,10.2%,25,19.5%,.305,.473,.346
CF,Onel Escalante,,Phoenix,RSL,118,0.90,22.9%,36.4%,40.7%,13.3%,4.2%,4.7%,0.0%,44.1%,34.7%,21.2%,22.0%,61.9%,16.1%,83.0,111.7,16.8,11,9.3%,21,17.8%,.224,.380,.263
CF,Kazuyoshi Fujii,,Phoenix,RSL,108,2.04,29.6%,47.2%,23.1%,5.3%,4.0%,3.9%,0.0%,31.5%,38.9%,29.6%,50.0%,46.3%,3.7%,75.0,99.4,5.5,1,0.9%,8,7.4%,.294,.329,.266
CF,Bryce Gekas,,San Francisco,RSL,131,2.21,31.3%,47.3%,21.4%,2.9%,3.6%,8.1%,33.3%,41.2%,43.5%,15.3%,45.0%,51.1%,3.8%,76.5,109.7,2.3,2,1.5%,8,6.1%,.321,.381,.276
CF,Alberto Guardiola,,Chicago,RSL,97,1.96,26.8%,48.5%,24.7%,4.0%,0.0%,6.4%,0.0%,30.9%,40.2%,28.9%,51.5%,38.1%,10.3%,76.5,108.7,3.7,1,1.0%,12,12.4%,.294,.341,.272
CF,Marcos Hiciano,,Yellowknife,RSL,102,1.57,29.4%,43.1%,27.5%,13.8%,21.4%,4.5%,0.0%,26.5%,44.1%,29.4%,23.5%,40.2%,36.3%,89.8,117.9,9.4,15,14.7%,37,36.3%,.269,.503,.339
CF,Mitsumasa Inouye,,Brooklyn,RSL,145,1.85,33.1%,43.4%,23.4%,2.4%,14.7%,4.8%,14.3%,35.9%,40.0%,24.1%,29.7%,55.2%,15.2%,82.2,112.3,6.6,7,4.8%,30,20.7%,.339,.476,.311
CF,Marvin Jackson,,Minneapolis,RSL,104,2.22,28.8%,49.0%,22.1%,9.4%,17.4%,9.8%,33.3%,37.5%,36.5%,26.0%,39.4%,50.0%,10.6%,79.8,109.6,5.4,3,2.9%,17,16.3%,.285,.362,.298
CF,Gurmu Jemadari,,New York,RSL,143,1.48,30.8%,41.3%,28.0%,7.1%,15.0%,8.5%,0.0%,42.0%,31.5%,26.6%,16.1%,57.3%,26.6%,88.0,115.7,8.6,17,11.9%,41,28.7%,.304,.548,.346
CF,Du Kau,,Montreal,RSL,116,1.22,31.0%,37.9%,31.0%,8.3%,5.6%,4.5%,0.0%,24.1%,42.2%,33.6%,37.1%,50.9%,12.1%,79.9,114.5,11.4,4,3.4%,16,13.8%,.264,.341,.259
CF,Juan Martinez,,St. Louis,RSL,87,1.48,23.0%,46.0%,31.0%,8.5%,7.4%,7.5%,10.0%,31.0%,29.9%,39.1%,27.6%,35.6%,36.8%,85.3,114.7,7.9,16,18.4%,32,36.8%,.318,.635,.417
CF,Francisco Mateus,,Baltimore,RSL,121,0.98,31.4%,33.9%,34.7%,11.2%,9.5%,2.4%,12.5%,28.1%,33.9%,38.0%,26.4%,56.2%,17.4%,82.7,114.3,14.9,9,7.4%,27,22.3%,.266,.424,.288
CF,Jose Mejia,,Havana,RSL,125,1.20,28.0%,39.2%,32.8%,10.5%,14.6%,6.1%,0.0%,28.0%,40.0%,32.0%,19.2%,46.4%,34.4%,88.5,115.2,13.0,18,14.4%,44,35.2%,.302,.574,.349
CF,Venceslau Pontes,,Las Vegas,RSL,137,2.67,27.7%,52.6%,19.7%,4.6%,0.0%,4.2%,0.0%,46.7%,38.7%,14.6%,22.6%,63.5%,13.9%,83.2,112.7,2.2,5,3.6%,23,16.8%,.302,.392,.275
CF,Daichi Sakai,,Santiago,RSL,130,0.91,30.8%,33.1%,36.2%,8.0%,29.8%,4.7%,0.0%,33.8%,32.3%,33.8%,14.6%,44.6%,40.8%,92.3,115.8,16.0,34,26.2%,55,42.3%,.313,.742,.430
CF,Raul Samaniego,,Houston,RSL,154,1.19,26.0%,40.3%,33.8%,13.0%,5.8%,11.3%,0.0%,43.5%,38.3%,18.2%,22.7%,57.1%,20.1%,84.0,114.5,11.8,16,10.4%,35,22.7%,.288,.508,.322
CF,Elmar Seiler,,Kansas City,RSL,110,2.08,27.3%,49.1%,23.6%,8.9%,0.0%,1.9%,0.0%,21.8%,45.5%,32.7%,38.2%,54.5%,7.3%,80.3,108.9,8.9,1,0.9%,10,9.1%,.254,.290,.232
CF,Cesar Senas,,Vancouver,RSL,105,1.52,30.5%,41.9%,27.6%,6.6%,3.4%,9.1%,0.0%,51.4%,34.3%,14.3%,41.0%,48.6%,10.5%,78.4,112.3,7.1,1,1.0%,13,12.4%,.269,.319,.220
RF,Bobby Aguinaga,,Minneapolis,RSL,129,1.65,30.2%,43.4%,26.4%,8.2%,2.9%,3.6%,0.0%,43.4%,33.3%,23.3%,19.4%,56.6%,24.0%,85.6,110.8,11.9,4,3.1%,32,24.8%,.253,.341,.276
RF,Juan Carrizales,,Las Vegas,RSL,134,1.43,20.1%,47.0%,32.8%,8.5%,13.6%,3.2%,0.0%,44.0%,35.1%,20.9%,11.9%,55.2%,32.8%,89.5,116.0,7.6,21,15.7%,45,33.6%,.318,.656,.414
RF,Zahi Cobo,,New York,RSL,139,1.56,28.1%,43.9%,28.1%,7.7%,15.4%,19.7%,0.0%,33.1%,36.7%,30.2%,15.8%,53.2%,30.9%,90.1,116.6,9.0,22,15.8%,45,32.4%,.347,.653,.409
RF,Charlie Cole,,Portland,RSL,135,2.17,29.6%,48.1%,22.2%,7.1%,16.7%,3.1%,0.0%,40.7%,43.0%,16.3%,24.4%,60.0%,15.6%,83.2,113.0,5.4,11,8.1%,28,20.7%,.308,.457,.302
RF,Ron Gideon,,Philadelphia,RSL,124,1.31,27.4%,41.1%,31.5%,5.5%,17.9%,13.7%,0.0%,35.5%,37.9%,26.6%,23.4%,51.6%,25.0%,86.0,113.7,11.0,14,11.3%,33,26.6%,.294,.487,.344
RF,Todd Kozuch,,Miami,RSL,95,1.27,21.1%,44.2%,34.7%,7.5%,9.1%,9.5%,0.0%,37.9%,38.9%,23.2%,12.6%,61.1%,26.3%,89.8,115.0,11.3,14,14.7%,29,30.5%,.247,.514,.335
RF,Hisatoshi Morita,,Boston,RSL,124,1.43,27.4%,42.7%,29.8%,12.7%,10.8%,0.0%,0.0%,38.7%,42.7%,18.5%,26.6%,56.5%,16.9%,81.0,113.1,11.2,8,6.5%,19,15.3%,.294,.430,.322
RF,Dave Palacios,,Philadelphia,RSL,104,0.63,27.9%,27.9%,44.2%,6.7%,8.7%,3.4%,0.0%,45.2%,36.5%,18.3%,14.4%,51.9%,33.7%,90.3,116.5,18.4,18,17.3%,34,32.7%,.285,.597,.403
RF,Lucas Pamatz,,Los Angeles,RSL,142,1.66,28.9%,44.4%,26.8%,10.1%,2.6%,7.9%,0.0%,35.2%,38.0%,26.8%,28.9%,55.6%,15.5%,81.6,112.5,8.3,6,4.2%,30,21.1%,.281,.395,.279
RF,Jose Pedroza,,Tucson,RSL,124,0.77,24.2%,33.1%,42.7%,15.7%,5.7%,2.4%,0.0%,31.5%,41.9%,26.6%,16.1%,46.0%,37.9%,91.2,117.7,20.4,22,17.7%,48,38.7%,.290,.616,.386
RF,Da-xia Peng,,Baltimore,RSL,127,1.04,22.8%,39.4%,37.8%,10.4%,37.5%,4.0%,0.0%,40.9%,30.7%,28.3%,21.3%,50.4%,28.3%,89.7,117.8,10.0,24,18.9%,41,32.3%,.295,.670,.414
RF,Xavier Santa,,Philadelphia,RSL,135,1.92,20.0%,52.6%,27.4%,1.6%,10.8%,8.5%,0.0%,37.0%,36.3%,26.7%,19.3%,59.3%,21.5%,86.4,113.2,2.8,8,5.9%,33,24.4%,.278,.406,.309
RF,John Sauve,,Vancouver,RSL,114,0.44,22.8%,23.7%,53.5%,13.8%,11.5%,3.7%,0.0%,28.1%,43.9%,28.1%,17.5%,47.4%,35.1%,89.1,118.5,26.8,25,21.9%,43,37.7%,.286,.634,.368
RF,David Straub,,Portland,RSL,116,1.23,25.0%,41.4%,33.6%,5.9%,12.8%,12.5%,0.0%,44.0%,27.6%,28.4%,22.4%,46.6%,31.0%,88.6,118.8,7.8,18,15.5%,41,35.3%,.282,.575,.357
RF,Noah Taylor,,San Francisco,RSL,122,2.03,25.4%,50.0%,24.6%,6.6%,3.3%,4.9%,0.0%,37.7%,35.2%,27.0%,39.3%,53.3%,7.4%,77.5,110.6,2.8,2,1.6%,14,11.5%,.273,.316,.250
RF,Alex Tejeda,,Washington,RSL,118,0.83,19.5%,36.4%,44.1%,5.3%,17.3%,9.3%,0.0%,36.4%,38.1%,25.4%,15.3%,51.7%,33.1%,89.6,120.2,11.5,23,19.5%,40,33.9%,.283,.606,.365
RF,Leonilde Tigre,,Chicago,RSL,124,1.07,28.2%,37.1%,34.7%,12.8%,14.0%,8.7%,0.0%,40.3%,33.1%,26.6%,15.3%,46.8%,37.9%,90.8,118.9,15.7,25,20.2%,47,37.9%,.318,.677,.409
RF,Louis Turnham,,Montreal,RSL,97,4.08,32.0%,54.6%,13.4%,4.5%,30.8%,3.8%,0.0%,37.1%,40.2%,22.7%,22.7%,57.7%,19.6%,84.7,117.2,2.0,8,8.2%,21,21.6%,.258,.406,.279
RF,Tillmam Velado,,Yellowknife,RSL,113,0.80,14.2%,38.1%,47.8%,7.1%,24.1%,2.3%,0.0%,50.4%,32.7%,16.8%,9.7%,39.8%,50.4%,98.1,121.8,16.9,35,31.0%,58,51.3%,.358,.929,.547
RF,Yuan Zhu,,Denver,RSL,117,1.59,29.1%,43.6%,27.4%,4.5%,9.4%,9.8%,50.0%,36.8%,41.9%,21.4%,19.7%,59.8%,20.5%,84.5,111.5,6.3,10,8.5%,27,23.1%,.325,.481,.343
DH,Gentaro Arakawa,,Minneapolis,RSL,148,1.09,25.0%,39.2%,35.8%,12.2%,5.7%,3.4%,0.0%,38.5%,37.8%,23.6%,16.2%,55.4%,28.4%,88.1,114.8,13.3,15,10.1%,43,29.1%,.278,.515,.346
DH,Bobby Badeaux,,Washington,RSL,146,1.78,31.5%,43.8%,24.7%,7.3%,16.7%,3.1%,0.0%,39.0%,38.4%,22.6%,21.2%,57.5%,21.2%,86.0,113.1,10.6,13,8.9%,40,27.4%,.339,.541,.391
DH,Salomão Capucho,,Cincinnati,RSL,138,1.61,22.5%,47.8%,29.7%,13.9%,19.5%,12.1%,0.0%,50.0%,27.5%,22.5%,18.8%,46.4%,34.8%,90.1,116.4,9.2,18,13.0%,51,37.0%,.258,.474,.309
DH,Luis Nungaray,,St. Louis,RSL,149,1.24,24.8%,41.6%,33.6%,10.3%,8.0%,4.8%,0.0%,41.6%,34.2%,24.2%,30.2%,50.3%,19.5%,82.3,112.3,11.2,8,5.4%,31,20.8%,.308,.440,.330
DH,Emilio Oregon,,Boston,RSL,117,0.75,20.5%,34.2%,45.3%,18.2%,7.5%,5.0%,0.0%,51.3%,29.9%,18.8%,24.8%,44.4%,30.8%,88.3,119.3,17.5,24,20.5%,38,32.5%,.241,.570,.355
DH,Felix Perez,,Yellowknife,RSL,148,1.12,25.7%,39.2%,35.1%,8.9%,13.5%,6.9%,0.0%,41.2%,31.8%,27.0%,19.6%,52.0%,28.4%,88.8,119.6,11.8,20,13.5%,46,31.1%,.272,.514,.326
DH,Jacob Testaverde,,Maine,RSL,128,0.96,28.1%,35.2%,36.7%,8.4%,19.1%,2.2%,0.0%,35.2%,36.7%,28.1%,12.5%,50.8%,36.7%,92.6,118.5,17.2,23,18.0%,48,37.5%,.322,.686,.453
DH,Innis Walker,,Santiago,RSL,144,0.71,25.0%,31.2%,43.8%,17.2%,12.7%,4.4%,0.0%,31.2%,38.2%,30.6%,16.7%,50.7%,32.6%,89.3,117.9,17.2,27,18.8%,44,30.6%,.297,.649,.408
DH,Alex Zendejas,,Havana,RSL,115,1.80,27.0%,47.0%,26.1%,13.1%,20.0%,3.7%,0.0%,45.2%,31.3%,23.5%,18.3%,50.4%,31.3%,89.2,119.9,8.6,19,16.5%,39,33.9%,.256,.517,.367
