POS,Name,G,GS,PI,SW,WH,OSW,CH,OS%,ZS%,SW%,OC%,ZC%,CTC%,Z%,WH%,CH%,CL%,RV-FB,RV-BR,RV-OFF,RV
SP,Bob Achbar,9,9,846,381,102,101,50,25.9,61.4,45.0,50.5,81.4,73.2,53.9,26.8,12.8,16.0,-0.1,3.7,-1.6,2.0
SP,Kevin Adkins,6,6,468,215,43,59,22,27.7,61.2,45.9,62.7,86.5,80.0,54.5,20.0,10.3,19.2,-6.3,3.2,-2.7,-5.9
SP,Jose Albiter,0,0,0,0,0,0,0,0.0,0.0,0.0,0.0,0.0,0.0,0.0,0.0,0.0,0.0,0.0,0.0,0.0,0.0
SP,Bobby Alkire,0,0,0,0,0,0,0,0.0,0.0,0.0,0.0,0.0,0.0,0.0,0.0,0.0,0.0,0.0,0.0,0.0,0.0
SP,Irakly Alvarez,27,0,586,260,69,77,34,27.4,60.0,44.4,55.8,80.9,73.5,52.0,26.5,12.1,18.4,9.1,0.0,-6.4,2.7
SP,Pablo Alvarez,9,9,838,380,89,113,51,28.2,61.1,45.3,54.9,85.8,76.6,52.1,23.4,12.7,16.0,0.8,2.2,-0.8,2.2
SP,Tony Anaya,9,9,830,380,88,108,52,28.1,61.1,45.8,51.9,86.8,76.8,53.6,23.2,13.5,14.7,-3.9,-3.1,-4.4,-11.4
SP,Jose Andrades,2,2,225,101,21,28,8,26.2,61.9,44.9,71.4,82.2,79.2,52.4,20.8,7.5,19.1,-1.0,0.8,0.2,0.0
SP,Andres Anguiano,9,9,839,399,109,123,58,31.1,62.3,47.6,52.8,81.5,72.7,52.8,27.3,14.6,19.1,2.6,0.4,-1.1,1.9
SP,Larry Arsenault,0,0,0,0,0,0,0,0.0,0.0,0.0,0.0,0.0,0.0,0.0,0.0,0.0,0.0,0.0,0.0,0.0,0.0
SP,Antonio Avellaneda,9,9,808,384,92,121,54,30.4,64.1,47.5,55.4,85.6,76.0,50.7,24.0,13.6,19.4,3.7,-1.9,0.6,2.5
SP,Ted Ayres,7,0,142,59,17,18,9,26.5,55.4,41.5,50.0,80.5,71.2,52.1,28.8,13.2,15.5,3.6,0.3,0.0,3.9
SP,Jay Barrientos,9,9,851,376,99,96,40,25.0,60.0,44.2,58.3,78.9,73.7,54.9,26.3,10.4,14.8,2.0,0.0,-1.4,0.5
SP,Luis Basurto,9,9,813,373,101,108,56,29.0,60.1,45.9,48.1,83.0,72.9,54.2,27.1,15.1,16.4,-0.9,-4.4,1.7,-3.5
SP,Hector Bazaldua,13,0,353,165,38,52,19,31.1,60.8,46.7,63.5,83.2,77.0,52.7,23.0,11.4,15.3,2.7,-0.8,2.3,4.2
SP,Linus Beausoleil,9,9,876,395,120,132,69,31.3,57.9,45.1,47.7,80.6,69.6,51.8,30.4,16.4,17.0,2.2,0.0,3.8,6.0
SP,Jarrod Beckman,9,9,851,371,79,118,46,27.6,59.8,43.6,61.0,87.0,78.7,49.7,21.3,10.7,18.0,-0.1,-0.2,-2.4,-2.6
SP,Jack Bertrand,7,7,590,262,68,68,30,24.0,63.2,44.4,55.9,80.4,74.0,52.0,26.0,10.6,19.2,2.4,-1.7,-1.8,-1.1
SP,Jimmy Biair,9,9,955,439,113,117,54,27.7,60.5,46.0,53.8,81.7,74.3,55.7,25.7,12.8,17.8,12.7,0.0,3.1,15.9
SP,Mike Blain,9,9,839,389,86,114,49,28.6,62.5,46.4,57.0,86.5,77.9,52.4,22.1,12.3,15.5,5.1,2.7,-1.3,6.5
SP,Keaton Bozek,9,9,736,325,91,97,48,28.3,58.0,44.2,50.5,81.1,72.0,53.4,28.0,14.0,15.8,-3.1,0.8,-7.1,-9.3
SP,Kingsley Bozek,8,8,782,353,87,105,50,27.3,62.5,45.1,52.4,85.1,75.4,50.8,24.6,13.0,17.3,-4.5,0.0,8.1,3.6
SP,Slider Brooks,9,9,816,362,106,115,61,29.0,58.9,44.4,47.0,81.8,70.7,51.3,29.3,15.4,17.2,5.9,1.3,3.4,10.5
SP,Huggy Bruce,9,9,906,413,91,112,46,28.2,59.1,45.6,58.9,85.0,78.0,56.2,22.0,11.6,17.3,-1.1,-1.1,-1.6,-3.7
SP,Mark Bursey,20,0,296,118,25,33,16,22.8,56.3,39.9,51.5,89.4,78.8,51.0,21.2,11.0,16.9,3.9,0.0,0.0,3.9
SP,Jimmy Cain,18,0,402,177,50,56,26,29.0,57.9,44.0,53.6,80.2,71.8,52.0,28.2,13.5,16.7,1.0,2.5,0.9,4.5
SP,Roger Calzada,19,0,338,147,37,40,17,25.6,58.8,43.5,57.5,81.3,74.8,53.8,25.2,10.9,17.8,5.6,-1.4,0.0,4.2
SP,Joyee Cameron,9,9,767,349,83,101,47,28.5,60.0,45.5,53.5,85.5,76.2,53.8,23.8,13.3,17.1,3.0,-2.9,2.4,2.5
SP,Wil Campos,7,7,623,267,77,83,43,27.2,57.9,42.9,48.2,81.5,71.2,51.0,28.8,14.1,18.1,-7.9,-0.1,-0.1,-8.1
SP,Tadeu Carneira,10,10,1013,469,144,145,77,29.2,62.8,46.3,46.9,79.3,69.3,50.9,30.7,15.5,17.3,-3.8,11.2,-2.0,5.4
SP,Julio Carpinteyro,9,9,849,390,94,105,48,27.3,61.3,45.9,54.3,83.9,75.9,54.8,24.1,12.5,16.7,-2.0,5.6,-1.4,2.2
SP,Luis Casillas,26,0,497,215,70,63,32,25.5,60.8,43.3,49.2,75.0,67.4,50.3,32.6,13.0,18.9,0.7,0.0,-0.9,-0.2
SP,Alvaro Castanon,9,9,837,388,79,105,41,26.6,63.9,46.4,61.0,86.6,79.6,52.9,20.4,10.4,17.0,-6.2,-8.7,0.3,-14.6
SP,Salvatore Castellon,16,5,722,295,95,84,42,24.3,56.0,40.9,50.0,74.9,67.8,52.2,32.2,12.2,14.4,-13.7,1.8,-2.6,-14.4
SP,Bob Castillo,9,9,757,347,90,98,50,26.9,63.4,45.8,49.0,83.9,74.1,51.9,25.9,13.7,18.2,-3.3,0.0,0.0,-3.3
SP,Ji-an Chan,8,8,795,378,94,108,49,29.3,63.2,47.5,54.6,83.3,75.1,53.7,24.9,13.3,16.9,-1.1,3.1,-0.7,1.3
SP,Chris Chavarria,16,0,291,122,32,35,14,24.0,60.0,41.9,60.0,79.3,73.8,49.8,26.2,9.6,17.5,0.1,3.7,-0.4,3.4
SP,Dylan Cisar,8,0,185,81,23,22,9,24.4,62.1,43.8,59.1,76.3,71.6,51.4,28.4,10.0,14.6,-4.2,0.2,0.5,-3.5
SP,Cheng-en Cong,4,0,93,44,9,12,5,29.3,61.5,47.3,58.3,87.5,79.5,55.9,20.5,12.2,12.9,-1.3,0.2,-2.1,-3.2
SP,Kyle Cordle,6,6,574,271,68,70,34,26.3,65.3,47.2,51.4,83.1,74.9,53.7,25.1,12.8,16.6,-0.4,0.4,-1.3,-1.3
SP,Benito Cossutta,23,0,648,321,54,84,23,27.2,69.9,49.5,72.6,86.9,83.2,52.3,16.8,7.4,19.3,-3.6,0.0,0.0,-3.6
SP,Walter Coutts,15,0,301,138,32,34,20,24.5,64.2,45.8,41.2,88.5,76.8,53.8,23.2,14.4,14.0,1.5,0.0,-1.2,0.3
SP,Phil Cromsie,2,2,175,79,22,26,11,30.2,59.6,45.1,57.7,79.2,72.2,50.9,27.8,12.8,20.6,-3.5,-1.4,0.0,-4.9
SP,Relly Crousse,9,9,874,415,105,122,55,29.7,63.3,47.5,54.9,82.9,74.7,53.0,25.3,13.4,17.8,3.6,-4.7,0.7,-0.3
SP,Andino D'Elia,21,0,419,193,36,53,20,27.6,61.7,46.1,62.3,88.6,81.3,54.2,18.7,10.4,12.9,2.7,0.0,-1.5,1.2
SP,Roberto Davila,7,7,605,264,72,70,33,24.1,61.8,43.6,52.9,79.9,72.7,51.9,27.3,11.3,17.7,6.6,0.1,-0.8,5.8
SP,Tom Dobie,9,9,681,321,85,96,44,29.7,62.8,47.1,54.2,81.8,73.5,52.6,26.5,13.6,17.0,-8.1,-6.8,-9.5,-24.4
SP,Rogelio Domínguez,6,3,322,144,38,50,22,29.4,61.8,44.7,56.0,83.0,73.6,47.2,26.4,12.9,17.1,-3.2,-3.2,0.0,-6.5
SP,Warren Dooks,0,0,0,0,0,0,0,0.0,0.0,0.0,0.0,0.0,0.0,0.0,0.0,0.0,0.0,0.0,0.0,0.0,0.0
SP,Savino Dore,24,0,357,148,31,32,16,20.8,57.1,41.5,50.0,87.1,79.1,56.9,20.9,10.4,15.7,0.9,-1.6,1.5,0.9
SP,Gil Eckenroth,9,9,716,306,84,90,44,28.1,54.5,42.7,51.1,81.5,72.5,55.3,27.5,13.8,15.4,-2.2,7.0,1.0,5.8
SP,Beau Eschmann,9,9,868,393,121,140,67,32.8,57.4,45.3,52.1,78.7,69.2,50.8,30.8,15.7,18.8,3.0,-0.7,5.3,7.6
SP,Rafael Escobar,8,8,779,348,100,120,58,29.4,61.5,44.7,51.7,81.6,71.3,47.6,28.7,14.2,19.5,-6.2,3.6,-3.1,-5.7
SP,Ruben Escobar,2,2,207,90,14,21,8,22.1,61.6,43.5,61.9,91.3,84.4,54.1,15.6,8.4,14.0,2.3,0.0,0.7,3.0
SP,Henry Escobedo,12,0,437,194,38,59,22,26.2,63.7,44.4,62.7,88.1,80.4,48.5,19.6,9.8,17.4,-2.6,-1.5,0.1,-4.1
SP,Luis Espiricueta,9,9,842,373,87,101,48,25.3,61.4,44.3,52.5,85.7,76.7,52.6,23.3,12.0,17.8,1.3,-2.5,0.2,-1.0
SP,Alex Esquibel,20,0,362,150,48,49,20,24.6,62.0,41.4,59.2,72.3,68.0,45.0,32.0,10.1,19.6,-10.6,0.0,1.1,-9.5
SP,Joshua Eyres,9,9,863,389,92,114,48,28.3,59.8,45.1,57.9,84.0,76.3,53.3,23.7,11.9,17.4,7.9,-1.8,3.1,9.2
SP,Miguel Fajardo,15,4,674,288,83,81,45,23.8,62.2,42.7,44.4,81.6,71.2,49.4,28.8,13.2,15.1,-3.2,2.6,1.3,0.7
SP,Vismay Falcon,9,9,883,409,104,107,55,26.2,63.6,46.3,48.6,83.8,74.6,53.8,25.4,13.5,17.1,5.9,9.2,2.8,17.9
SP,Robby Fatone,8,8,808,349,69,76,37,20.0,63.8,43.2,51.3,88.3,80.2,53.0,19.8,9.7,16.5,-2.9,-12.1,-3.5,-18.5
SP,Dave Fife,16,0,313,131,40,41,22,26.3,57.3,41.9,46.3,80.0,69.5,50.2,30.5,14.1,17.9,1.9,0.4,0.9,3.3
SP,Jeremy Fitch,9,9,941,407,97,104,41,23.4,61.0,43.3,60.6,81.5,76.2,52.8,23.8,9.2,18.8,5.9,7.6,-0.7,12.8
SP,Heriberto Flores,9,9,968,433,111,124,55,25.2,64.9,44.7,55.6,81.9,74.4,49.2,25.6,11.2,18.2,6.0,0.0,2.3,8.3
SP,Moises Flores,0,0,0,0,0,0,0,0.0,0.0,0.0,0.0,0.0,0.0,0.0,0.0,0.0,0.0,0.0,0.0,0.0,0.0
SP,Juan Fonseca,9,9,913,448,107,123,55,32.5,60.9,49.1,55.3,84.0,76.1,58.5,23.9,14.5,16.4,-0.4,10.1,2.7,12.4
SP,Taju Fuhuoh,22,1,560,253,56,59,29,24.2,61.4,45.2,50.8,86.1,77.9,56.4,22.1,11.9,14.3,2.6,0.0,0.1,2.7
SP,Erik Garcia,10,9,810,370,102,107,44,27.6,62.3,45.7,58.9,77.9,72.4,52.1,27.6,11.3,19.0,-7.7,7.7,-1.8,-1.8
SP,Raul Garibaldi,19,0,492,225,61,63,26,26.1,64.5,45.7,58.7,78.4,72.9,51.0,27.1,10.8,17.5,-1.4,0.3,3.0,1.9
SP,Tony Garica,7,7,630,281,79,87,38,26.5,64.2,44.6,56.3,78.9,71.9,47.9,28.1,11.6,18.7,-4.0,-0.1,1.3,-2.8
SP,Wilbert Garlobo,14,0,410,176,53,56,27,26.4,60.6,42.9,51.8,78.3,69.9,48.3,30.1,12.7,17.6,-0.8,-0.7,-1.8,-3.3
SP,Ron Gelsomino,10,10,955,425,98,125,53,27.8,59.4,44.5,57.6,85.0,76.9,52.9,23.1,11.8,17.1,3.2,0.0,5.0,8.2
SP,Joey Gigstead,20,0,434,199,54,66,29,31.1,59.9,45.9,56.1,81.2,72.9,51.2,27.1,13.7,15.0,5.7,1.0,0.9,7.6
SP,Ricardo Guajardo,26,0,661,285,84,84,42,26.7,58.1,43.1,50.0,79.1,70.5,52.3,29.5,13.3,17.7,3.4,0.0,0.0,3.4
SP,John Guzik,7,7,554,244,56,62,31,24.2,61.1,44.0,50.0,86.3,77.0,53.8,23.0,12.1,16.1,1.4,-4.1,-0.1,-2.7
SP,Joe Gwin,8,8,740,342,84,103,41,28.4,63.4,46.2,60.2,82.0,75.4,50.9,24.6,11.3,18.0,2.9,-2.1,-0.6,0.2
SP,Toby Harrison,14,1,392,191,42,55,26,30.1,65.1,48.7,52.7,88.2,78.0,53.3,22.0,14.2,17.1,-2.6,0.9,-5.2,-6.9
SP,Monte Haworth,14,6,718,326,64,88,26,26.7,61.3,45.4,70.5,84.0,80.4,54.0,19.6,7.9,16.4,0.9,-2.5,2.1,0.5
SP,Josh Hebrank,8,8,749,321,76,97,43,26.7,58.0,42.9,55.7,85.3,76.3,51.5,23.7,11.8,17.1,0.0,2.8,-3.2,-0.4
SP,Chris Herdegen,18,0,300,138,35,48,20,30.4,63.4,46.0,58.3,83.3,74.6,47.3,25.4,12.7,20.3,-3.0,0.0,0.0,-3.0
SP,Tony Hernandez,8,8,819,383,97,122,50,31.0,61.4,46.8,59.0,82.0,74.7,51.9,25.3,12.7,18.7,1.3,-0.6,-3.7,-3.0
SP,Ray Hibler,15,0,392,170,56,51,31,26.4,59.8,43.4,39.2,79.0,67.1,50.8,32.9,16.1,17.9,-2.0,-1.4,-0.6,-4.0
SP,Li-hong Ho,9,9,1013,456,122,146,64,29.4,60.1,45.0,56.2,81.3,73.2,50.9,26.8,12.9,17.7,1.7,5.1,-0.2,6.5
SP,Dominic Hogg,19,1,377,167,39,48,20,27.9,58.0,44.3,58.3,84.0,76.6,54.4,23.4,11.6,16.2,-4.4,0.0,-0.8,-5.2
SP,Chris Hoglund,9,8,630,289,64,90,37,29.7,60.9,45.9,58.9,86.4,77.9,51.9,22.1,12.2,18.4,-0.5,-5.4,1.0,-4.9
SP,Eikki Hostikka,10,10,913,404,121,115,60,25.7,62.2,44.2,47.8,78.9,70.0,50.9,30.0,13.4,16.2,-12.5,0.0,6.3,-6.2
SP,Frank Hubert,12,0,366,169,32,48,13,29.1,60.2,46.2,72.9,84.3,81.1,54.9,18.9,7.9,16.9,-3.5,3.8,0.8,1.2
SP,Lanzo Huitron,9,9,812,363,87,114,50,29.7,58.2,44.7,56.1,85.1,76.0,52.7,24.0,13.0,18.0,6.4,-2.6,-1.2,2.6
SP,Bernie Iglesias,15,6,644,288,88,85,41,28.1,59.5,44.7,51.8,76.8,69.4,53.0,30.6,13.5,14.3,-5.7,0.0,-1.8,-7.5
SP,Hajime Ito,9,9,902,409,109,115,47,26.4,63.0,45.3,59.1,78.9,73.3,51.8,26.7,10.8,16.1,0.3,0.0,2.0,2.3
SP,Dong-u Jee,12,0,309,136,38,38,19,26.0,60.1,44.0,50.0,80.6,72.1,52.8,27.9,13.0,16.5,-0.3,4.8,-2.2,2.4
SP,Steve Jennifer,10,0,160,79,23,20,10,29.0,64.8,49.4,50.0,78.0,70.9,56.9,29.1,14.5,15.6,3.5,1.1,0.8,5.4
SP,Kai-xi Jia,10,10,972,440,130,138,66,29.9,59.2,45.3,52.2,78.8,70.5,52.5,29.5,14.3,18.1,1.8,0.0,0.3,2.1
SP,Chris Johnston,8,8,696,315,68,89,35,27.8,60.1,45.3,60.7,85.4,78.4,54.0,21.6,10.9,17.4,-3.8,-0.9,6.6,2.0
SP,Al Joly,19,5,740,333,85,91,43,26.0,62.1,45.0,52.7,82.6,74.5,52.7,25.5,12.3,17.2,5.5,-2.5,-0.1,2.9
SP,Benjamin Jones,8,8,733,345,72,94,32,28.5,62.3,47.1,66.0,84.1,79.1,55.0,20.9,9.7,16.1,-9.4,0.0,2.2,-7.1
SP,Tetsukazu Kaneda,18,0,418,184,32,53,17,26.8,59.5,44.0,67.9,88.5,82.6,52.6,17.4,8.6,20.6,4.5,-3.7,-0.1,0.7
SP,Yahya Kanoro,9,9,852,402,110,97,54,24.8,66.2,47.2,44.3,81.6,72.6,54.1,27.4,13.8,16.5,4.1,-10.1,-1.0,-7.0
SP,Arif Kartini,5,0,149,74,15,21,10,29.2,68.8,49.7,52.4,90.6,79.7,51.7,20.3,13.9,17.4,-1.4,-0.7,-1.1,-3.3
SP,Yasuhiro Katayama,7,7,626,293,63,87,29,30.6,60.2,46.8,66.7,83.5,78.5,54.6,21.5,10.2,18.5,-3.5,0.2,-1.6,-4.9
SP,Chae-pong Kim,9,9,804,386,93,120,49,30.8,64.3,48.0,59.2,83.5,75.9,51.5,24.1,12.6,19.2,0.8,-0.9,-2.0,-2.2
SP,Min-jae Kim,0,0,0,0,0,0,0,0.0,0.0,0.0,0.0,0.0,0.0,0.0,0.0,0.0,0.0,0.0,0.0,0.0,0.0
SP,Kazune Kimoto,22,0,471,214,50,70,30,30.0,60.5,45.4,57.1,86.1,76.6,50.5,23.4,12.9,19.7,5.8,-0.4,0.2,5.5
SP,Craig Kruppenbacher,9,9,870,382,76,125,43,28.0,60.6,43.9,65.6,87.2,80.1,48.7,19.9,9.6,17.7,1.6,0.0,-1.0,0.6
SP,Akashi Kurosawa,9,9,699,313,87,88,43,26.7,60.8,44.8,51.1,80.4,72.2,52.9,27.8,13.1,16.0,5.6,-0.4,0.4,5.6
SP,James L'Hommedieu,18,0,501,225,58,70,31,29.2,59.4,44.9,55.7,82.6,74.2,52.1,25.8,12.9,16.6,8.0,-0.1,2.1,10.1
SP,Brent Lannin,29,0,518,245,63,68,34,30.1,60.6,47.3,50.0,83.6,74.3,56.4,25.7,15.0,15.6,6.3,0.3,2.3,8.8
SP,Alex Laso,8,8,738,330,90,101,46,27.9,60.9,44.7,54.5,80.8,72.7,50.9,27.3,12.7,15.2,-2.1,0.6,-4.4,-5.8
SP,Grant Latour,9,9,765,360,71,104,38,29.0,63.1,47.1,63.5,87.1,80.3,53.1,19.7,10.6,17.5,-9.9,0.0,-5.5,-15.4
SP,Trevor Laverick,9,9,795,368,90,123,48,32.0,59.6,46.3,61.0,82.9,75.5,51.7,24.5,12.5,16.9,-8.9,3.5,4.0,-1.4
SP,Jim Lawrence,9,9,885,372,104,118,54,26.8,57.2,42.0,54.2,80.3,72.0,50.2,28.0,12.2,18.0,5.2,0.0,1.0,6.2
SP,Jeong Lee,9,9,831,379,108,112,57,28.6,60.7,45.6,49.1,80.9,71.5,52.9,28.5,14.6,16.5,-1.9,0.0,-4.5,-6.4
SP,John Liberty,6,0,127,57,12,16,8,25.4,64.1,44.9,50.0,90.2,78.9,50.4,21.1,12.7,18.1,-4.6,0.0,0.7,-3.9
SP,Andretti Lipka,0,0,0,0,0,0,0,0.0,0.0,0.0,0.0,0.0,0.0,0.0,0.0,0.0,0.0,0.0,0.0,0.0,0.0
SP,Layne Liston,0,0,0,0,0,0,0,0.0,0.0,0.0,0.0,0.0,0.0,0.0,0.0,0.0,0.0,0.0,0.0,0.0,0.0
SP,Ryan Lloyd,9,9,816,371,104,118,51,29.8,60.2,45.5,56.8,79.1,72.0,51.5,28.0,12.9,18.3,4.1,0.0,6.6,10.8
SP,Fisko Loera,3,3,237,109,24,37,11,30.1,63.2,46.0,70.3,81.9,78.0,48.1,22.0,8.9,27.0,3.0,-2.0,1.5,2.4
SP,Billy Lorsung,9,9,890,426,99,124,54,30.9,61.8,47.9,56.5,85.1,76.8,54.9,23.2,13.5,16.0,3.1,0.0,7.2,10.3
SP,Chih Lum,9,9,810,370,105,113,58,29.0,61.0,45.7,48.7,81.7,71.6,52.0,28.4,14.9,16.2,4.4,1.2,0.0,5.7
SP,Lao Lum,16,0,438,199,43,59,21,27.8,61.9,45.4,64.4,84.3,78.4,51.6,21.6,9.9,19.9,-2.8,0.0,0.4,-2.4
SP,Frank Macias,30,0,576,269,57,70,31,26.6,63.6,46.7,55.7,86.9,78.8,54.3,21.2,11.8,14.6,-1.1,6.4,0.0,5.3
SP,Tony Madena,0,0,0,0,0,0,0,0.0,0.0,0.0,0.0,0.0,0.0,0.0,0.0,0.0,0.0,0.0,0.0,0.0,0.0
SP,Jose Madrid,9,9,793,372,100,118,54,30.5,62.6,46.9,54.2,81.9,73.1,51.2,26.9,14.0,16.9,2.4,7.5,1.3,11.2
SP,Damian Mares,14,0,235,103,31,32,16,26.7,61.7,43.8,50.0,78.9,69.9,48.9,30.1,13.3,18.3,3.9,1.5,0.2,5.7
SP,Rajam Masrani,9,9,876,403,106,125,55,29.2,62.1,46.0,56.0,81.7,73.7,51.1,26.3,12.9,19.1,-2.7,3.2,-0.4,0.1
SP,Tony Masso,9,9,794,372,91,116,48,30.9,61.2,46.9,58.6,83.2,75.5,52.6,24.5,12.8,17.3,-3.4,-0.8,2.5,-1.7
SP,Juzo Matsumoto,8,8,687,298,78,90,45,26.6,59.6,43.4,50.0,84.1,73.8,50.8,26.2,13.3,17.9,-3.0,1.4,-0.9,-2.5
SP,Chris Maxwell,5,5,420,178,31,51,19,25.1,58.5,42.4,62.7,90.6,82.6,51.7,17.4,9.4,16.4,5.2,0.3,-1.1,4.3
SP,Alex Mayorga,13,0,240,109,28,26,12,24.5,61.9,45.4,53.8,80.7,74.3,55.8,25.7,11.3,14.6,0.8,-0.3,-0.1,0.4
SP,John McFadyen,9,9,927,420,130,131,63,29.7,59.5,45.3,51.9,76.8,69.0,52.4,31.0,14.3,16.1,-6.9,-2.0,14.4,5.6
SP,Bill McMillan,22,0,498,230,60,74,32,30.7,60.7,46.2,56.8,82.1,73.9,51.6,26.1,13.3,17.1,-12.0,-0.8,1.4,-11.4
SP,Matt McMillan,9,9,764,344,85,103,46,28.6,59.7,45.0,55.3,83.8,75.3,52.9,24.7,12.8,17.3,-4.9,3.1,-4.1,-5.8
SP,Jared Mejia,0,0,0,0,0,0,0,0.0,0.0,0.0,0.0,0.0,0.0,0.0,0.0,0.0,0.0,0.0,0.0,0.0,0.0
SP,R.J. Mendenhall,9,9,760,348,102,119,66,30.8,61.2,45.8,44.5,84.3,70.7,49.2,29.3,17.1,21.3,1.3,13.5,-0.8,13.9
SP,Axel Mendiola,7,7,586,247,52,57,24,21.8,58.6,42.2,57.9,85.3,78.9,55.3,21.1,9.2,14.7,-4.8,-1.8,0.0,-6.5
SP,Oscar Mercado,9,9,819,345,85,104,43,27.0,55.5,42.1,58.7,82.6,75.4,53.0,24.6,11.2,17.3,-6.3,0.0,-5.8,-12.2
SP,Mike Merdinger,5,5,477,215,53,75,30,32.1,57.6,45.1,60.0,83.6,75.3,50.9,24.7,12.8,19.9,2.6,6.0,-0.3,8.3
SP,Alex Mijangos,0,0,0,0,0,0,0,0.0,0.0,0.0,0.0,0.0,0.0,0.0,0.0,0.0,0.0,0.0,0.0,0.0,0.0
SP,Julius Miller,9,9,948,448,112,125,58,29.0,62.5,47.3,53.6,83.3,75.0,54.5,25.0,13.5,17.8,3.0,2.8,2.2,7.9
SP,Miguel Moquete,9,9,798,402,100,125,60,32.9,66.3,50.4,52.0,85.6,75.1,52.4,24.9,15.8,19.3,0.6,0.1,7.9,8.6
SP,Edwin Munoz,8,8,751,306,79,79,41,21.1,60.4,40.7,48.1,83.3,74.2,50.1,25.8,10.9,15.6,-3.9,-4.0,1.5,-6.4
SP,Luis Muratalla,9,9,878,403,90,117,48,28.2,61.8,45.9,59.0,85.3,77.7,52.7,22.3,11.6,18.1,-6.1,-3.7,-2.4,-12.2
SP,Kunimatsu Myaji,9,9,958,446,132,129,63,29.1,61.6,46.6,51.2,78.2,70.4,53.8,29.6,14.2,15.6,10.2,0.1,1.7,12.0
SP,Keiyo Nagao,9,9,890,401,117,129,69,29.0,61.1,45.1,46.5,82.4,70.8,50.0,29.2,15.5,18.3,3.2,8.5,1.9,13.5
SP,Kwang-sik Nho,5,0,153,61,7,13,2,20.0,54.5,39.9,84.6,89.6,88.5,57.5,11.5,3.1,14.4,-4.6,-0.8,0.0,-5.4
SP,Su-shun Nie,9,9,898,445,76,110,39,27.4,67.5,49.6,64.5,89.0,82.9,55.2,17.1,9.7,18.0,1.9,8.9,0.4,11.2
SP,Kyohei Nishimoto,24,0,411,178,38,50,21,26.0,58.4,43.3,58.0,86.7,78.7,53.3,21.3,10.9,16.8,0.1,6.2,-1.4,4.9
SP,Chua chay Niu,9,9,860,385,125,136,67,33.6,54.7,44.8,50.7,76.7,67.5,52.9,32.5,16.5,19.0,-2.2,3.9,1.6,3.3
SP,Keishi Okamoto,20,0,369,168,45,57,27,31.8,58.4,45.5,52.6,83.8,73.2,51.5,26.8,15.1,19.5,-6.2,0.0,0.0,-6.2
SP,Jake Orthman,9,9,964,454,129,132,73,29.7,61.9,47.1,44.7,82.6,71.6,53.9,28.4,16.4,17.8,-0.7,6.3,0.9,6.6
SP,Brendan Ough,0,0,0,0,0,0,0,0.0,0.0,0.0,0.0,0.0,0.0,0.0,0.0,0.0,0.0,0.0,0.0,0.0,0.0
SP,Jimmy Oyola,7,7,748,337,73,91,43,24.9,64.2,45.1,52.7,87.8,78.3,51.2,21.7,11.8,17.0,-4.6,0.0,-1.9,-6.5
SP,Gustavo Palacios,4,0,43,17,3,6,3,28.6,50.0,39.5,50.0,100.0,82.4,51.2,17.6,14.3,18.6,1.6,1.8,0.0,3.4
SP,Neil Parker,2,0,14,9,2,1,1,50.0,66.7,64.3,0.0,87.5,77.8,85.7,22.2,50.0,7.1,0.1,0.0,0.6,0.7
SP,Phil Payne,14,0,272,127,33,36,21,26.9,65.9,46.7,41.7,86.8,74.0,50.7,26.0,15.7,18.8,-0.5,0.0,0.0,-0.5
SP,Alex Perez,21,0,601,272,69,91,38,29.0,63.1,45.3,58.2,82.9,74.6,47.8,25.4,12.1,15.8,2.1,0.0,-0.1,2.1
SP,Dave Perez,18,3,401,180,43,50,24,25.0,64.7,44.9,52.0,85.4,76.1,50.1,23.9,12.0,17.0,-3.1,0.0,-2.2,-5.3
SP,Charlie Petipas,21,0,320,148,52,48,30,32.0,58.8,46.3,37.5,78.0,64.9,53.1,35.1,20.0,19.4,2.0,1.8,0.0,3.9
SP,Juan Pinon,9,9,813,354,89,108,45,27.8,58.0,43.5,58.3,82.1,74.9,52.2,25.1,11.6,16.6,-6.3,0.0,-3.6,-9.8
SP,Steve Pohlman,8,8,774,358,86,99,47,27.0,63.5,46.3,52.5,84.9,76.0,52.7,24.0,12.8,19.8,1.7,6.1,-5.4,2.3
SP,Matt Pontius,9,9,846,400,98,108,46,28.3,62.8,47.3,57.4,82.2,75.5,55.0,24.5,12.1,16.1,-2.8,2.9,-2.3,-2.2
SP,Rocco Porcaro,8,8,841,398,92,106,39,28.6,62.0,47.3,63.2,81.8,76.9,56.0,23.1,10.5,16.8,9.2,-7.7,0.7,2.1
SP,Adrian Portuondo,14,0,302,135,38,40,25,28.6,58.6,44.7,37.5,86.3,71.9,53.6,28.1,17.9,16.2,1.1,5.3,4.6,11.0
SP,David Prentice,9,9,940,401,107,116,52,25.7,58.3,42.7,55.2,80.7,73.3,52.0,26.7,11.5,16.3,1.8,-2.1,-1.1,-1.4
SP,Dave Quintero,13,4,634,301,82,79,37,27.9,63.2,47.5,53.2,79.7,72.8,55.4,27.2,13.1,15.6,8.2,-4.2,-2.6,1.4
SP,Ed Rice,9,9,807,375,101,115,60,29.9,61.6,46.5,47.8,84.2,73.1,52.3,26.9,15.6,17.0,-0.3,0.0,2.1,1.9
SP,Yuniesky Rios,19,0,451,206,49,53,24,24.4,65.4,45.7,54.7,83.7,76.2,51.9,23.8,11.1,17.1,-0.6,0.0,-0.5,-1.1
SP,Ramon Rod,1,1,13,7,1,1,1,20.0,75.0,53.8,0.0,100.0,85.7,61.5,14.3,20.0,30.8,-1.1,0.0,0.0,-1.1
SP,Carl Rodda,9,9,899,402,113,122,61,28.2,60.0,44.7,50.0,81.4,71.9,51.9,28.1,14.1,16.2,11.9,5.0,-0.5,16.4
SP,Bobby Rodriguez,16,0,346,156,39,42,24,25.1,63.7,45.1,42.9,86.8,75.0,51.7,25.0,14.4,15.0,-1.4,0.0,0.7,-0.7
SP,Jon Rodriguez,9,9,879,400,108,125,64,28.5,62.5,45.5,48.8,84.0,73.0,50.1,27.0,14.6,19.5,-6.9,-5.2,2.5,-9.6
SP,Chris Romer,0,0,0,0,0,0,0,0.0,0.0,0.0,0.0,0.0,0.0,0.0,0.0,0.0,0.0,0.0,0.0,0.0,0.0
SP,Salvador Romero,9,9,871,367,115,118,62,27.4,56.5,42.1,47.5,78.7,68.7,50.6,31.3,14.4,17.3,-4.9,0.0,-0.1,-5.0
SP,Manel Romosinho,8,8,797,356,103,113,51,29.4,59.0,44.7,54.9,78.6,71.1,51.7,28.9,13.2,20.8,-1.7,-11.3,3.0,-10.0
SP,Bruce Roque,9,9,810,349,99,109,56,26.4,60.5,43.1,48.6,82.1,71.6,49.0,28.4,13.6,17.7,-5.5,0.0,0.0,-5.5
SP,George Roscoe,9,9,881,419,95,139,57,32.4,61.9,47.6,59.0,86.4,77.3,51.3,22.7,13.3,18.7,-0.2,0.0,7.9,7.7
SP,Roberto Rueda,9,9,946,430,88,116,43,26.5,61.8,45.5,62.9,85.7,79.5,53.7,20.5,9.8,16.6,9.7,0.0,-9.0,0.7
SP,Rodolfo Ruiz,14,0,352,160,39,53,20,31.9,57.5,45.5,62.3,82.2,75.6,52.8,24.4,12.0,18.2,-2.3,-2.9,-1.5,-6.7
SP,Taxi Sabala,9,9,786,367,82,107,44,30.7,59.5,46.7,58.9,85.4,77.7,55.6,22.3,12.6,16.0,7.4,-8.7,1.7,0.4
SP,Yadisniel Saez,9,9,940,446,108,122,59,28.4,63.5,47.4,51.6,84.9,75.8,54.3,24.2,13.7,15.9,-0.5,11.3,-1.5,9.2
SP,Alex Saldivar,8,8,672,280,76,78,35,23.1,60.3,41.7,55.1,79.7,72.9,49.9,27.1,10.4,17.1,-0.7,-1.3,0.0,-2.0
SP,Sergio Saldivar,20,1,402,174,52,59,29,28.5,59.0,43.3,50.8,80.0,70.1,48.5,29.9,14.0,17.4,2.7,-2.9,1.1,1.0
SP,Roberto Sanchez,0,0,0,0,0,0,0,0.0,0.0,0.0,0.0,0.0,0.0,0.0,0.0,0.0,0.0,0.0,0.0,0.0,0.0
SP,Korey Sanders,15,0,251,116,28,32,17,27.4,62.7,46.2,46.9,86.9,75.9,53.4,24.1,14.5,15.5,2.4,-0.2,-0.6,1.6
SP,Chris Sayler,9,9,812,366,99,119,51,30.1,59.2,45.1,57.1,80.6,73.0,51.4,27.0,12.9,18.0,-9.2,0.4,8.5,-0.4
SP,Ryan Schwartz,9,9,840,362,90,108,39,26.5,58.8,43.1,63.9,79.9,75.1,51.4,24.9,9.6,19.6,7.7,0.0,-6.8,0.9
SP,Danny Segura,22,0,335,149,42,37,17,23.9,62.2,44.5,54.1,77.7,71.8,53.7,28.2,11.0,16.7,2.7,-0.1,3.6,6.2
SP,Danny Serrano,8,8,764,357,90,115,50,31.1,61.4,46.7,56.5,83.5,74.8,51.6,25.2,13.5,19.0,-6.3,1.2,0.0,-5.2
SP,Shane Shackelford,20,3,623,286,72,85,40,28.1,62.8,45.9,52.9,84.1,74.8,51.4,25.2,13.2,17.0,-0.1,0.0,-3.9,-4.0
SP,Tae-sang Shinn,11,0,223,101,23,32,12,30.2,59.0,45.3,62.5,84.1,77.2,52.5,22.8,11.3,16.1,-1.7,0.7,0.0,-1.0
SP,Feng Shuai,9,9,798,346,77,92,42,24.3,60.5,43.4,54.3,86.2,77.7,52.6,22.3,11.1,17.2,5.6,0.0,-2.8,2.8
SP,Salomé Sieuve,9,9,823,375,86,108,47,27.5,62.1,45.6,56.5,85.4,77.1,52.2,22.9,12.0,18.7,-5.5,0.0,0.0,-5.5
SP,Diego Solis,19,1,458,234,52,68,28,31.9,67.8,51.1,58.8,85.5,77.8,53.5,22.2,13.1,17.7,-3.4,0.0,0.0,-3.4
SP,Will Spangenberg,9,9,870,385,90,100,47,23.6,63.9,44.3,53.0,84.9,76.6,51.3,23.4,11.1,16.2,-3.1,0.0,3.2,0.0
SP,Matt Staat,25,0,573,257,85,89,51,31.8,57.3,44.9,42.7,79.8,66.9,51.1,33.1,18.2,17.6,-1.4,0.0,0.8,-0.6
SP,Joseph Stark,30,0,412,177,47,49,23,25.0,59.3,43.0,53.1,81.3,73.4,52.4,26.6,11.7,15.5,2.9,0.0,0.4,3.3
SP,Brent Starr,8,8,779,333,78,99,43,27.6,55.7,42.7,56.6,85.0,76.6,53.9,23.4,12.0,16.8,-6.8,-3.2,0.0,-10.0
SP,Earl Starr,9,9,855,367,87,93,35,23.4,59.8,42.9,62.4,81.0,76.3,53.6,23.7,8.8,15.4,-1.7,3.6,3.2,5.2
SP,Ryan Surette,0,0,0,0,0,0,0,0.0,0.0,0.0,0.0,0.0,0.0,0.0,0.0,0.0,0.0,0.0,0.0,0.0,0.0
SP,Omezo Suyama,9,9,894,389,154,133,81,30.0,56.8,43.5,39.1,71.5,60.4,50.4,39.6,18.3,17.9,2.3,2.2,0.0,4.5
SP,Bryan Szabo,9,9,828,380,91,107,45,27.4,62.5,45.9,57.9,83.2,76.1,52.8,23.9,11.5,16.8,-8.0,0.0,6.8,-1.2
SP,Motoaki Tajiri,9,9,948,441,113,145,64,31.5,60.7,46.5,55.9,83.4,74.4,51.5,25.6,13.9,18.0,-9.6,-2.8,10.4,-2.0
SP,Takuma Takahashi,19,0,325,157,47,46,24,32.4,60.7,48.3,47.8,79.3,70.1,56.3,29.9,16.9,16.6,0.3,2.8,-1.7,1.4
SP,Felix Talamantez,10,10,969,429,108,144,60,29.3,59.7,44.3,58.3,83.2,74.8,49.2,25.2,12.2,17.4,-4.4,6.3,-2.5,-0.5
SP,Nick Tamulevich,14,0,361,183,37,49,20,34.0,61.8,50.7,59.2,87.3,79.8,60.1,20.2,13.9,15.5,0.1,-4.8,-1.5,-6.1
SP,Raul Tanis,9,9,767,320,86,102,47,26.2,57.8,41.7,53.9,82.1,73.1,49.2,26.9,12.1,19.2,-6.7,0.0,0.1,-6.6
SP,Gerald Tanton,9,9,926,422,100,122,52,28.4,60.4,45.6,57.4,84.0,76.3,53.7,23.7,12.1,16.7,-1.5,4.8,4.3,7.6
SP,Daniel Taylor,6,6,521,221,62,68,38,26.3,58.4,42.4,44.1,84.3,71.9,50.3,28.1,14.7,17.3,3.7,1.5,-0.4,4.9
SP,Miguel Tejeda,1,1,96,43,7,7,3,16.7,66.7,44.8,57.1,88.9,83.7,56.3,16.3,7.1,14.6,-1.0,0.0,-1.4,-2.4
SP,Ed Terra,8,8,811,372,98,129,54,30.7,62.1,45.9,58.1,81.9,73.7,48.2,26.3,12.9,19.9,-4.4,2.1,-3.2,-5.5
SP,B.J. Terriquez,9,9,891,411,112,126,61,29.9,60.6,46.1,51.6,82.1,72.7,52.7,27.3,14.5,16.8,5.3,-1.5,0.0,3.8
SP,Allan Tinter,9,9,852,385,90,115,55,28.4,60.4,45.2,52.2,87.0,76.6,52.5,23.4,13.6,16.0,-10.4,1.2,3.1,-6.2
SP,Quinn Topp,8,8,786,363,84,106,42,28.3,62.5,46.2,60.4,83.7,76.9,52.3,23.1,11.2,17.0,4.0,0.3,-7.9,-3.6
SP,Vince Tozier,9,9,871,383,90,113,54,28.1,57.6,44.0,52.2,86.7,76.5,53.8,23.5,13.4,16.1,3.9,0.0,-2.8,1.2
SP,Ron Trevathan,5,0,94,35,9,10,5,22.2,51.0,37.2,50.0,84.0,74.3,52.1,25.7,11.1,14.9,1.5,-1.6,0.6,0.6
SP,Hwui-ning Tsou,5,0,111,55,9,16,5,31.4,65.0,49.5,68.8,89.7,83.6,54.1,16.4,9.8,15.3,1.7,0.7,-2.8,-0.5
SP,Alex Urbano,17,0,376,153,43,46,28,25.6,54.6,40.7,39.1,86.0,71.9,52.1,28.1,15.6,18.1,-1.6,1.4,-2.6,-2.7
SP,Uno Urquidez,9,9,765,357,87,113,46,30.1,62.6,46.7,59.3,83.2,75.6,51.0,24.4,12.3,17.4,2.2,-1.1,0.7,1.9
SP,Mario Valenzuela,9,9,779,326,74,97,48,24.0,61.1,41.8,50.5,88.6,77.3,48.1,22.7,11.9,19.9,6.1,0.0,-2.2,3.8
SP,Yeral Varela,21,0,570,268,59,75,37,28.6,62.7,47.0,50.7,88.6,78.0,54.0,22.0,14.1,15.8,-12.9,-3.8,-2.5,-19.2
SP,Alberto Vasquez,9,9,918,392,106,121,54,27.9,55.9,42.7,55.4,80.8,73.0,52.8,27.0,12.5,18.5,8.6,8.4,-5.7,11.3
SP,Sergio Vega,9,9,790,364,80,110,47,29.5,60.9,46.1,57.3,87.0,78.0,52.8,22.0,12.6,17.3,1.4,-9.9,0.0,-8.5
SP,Michel Verde,9,9,888,396,93,119,59,27.9,60.1,44.6,50.4,87.7,76.5,51.9,23.5,13.8,18.1,-9.8,0.1,-8.5,-18.3
SP,Buddy Verveer,15,0,317,139,36,42,21,25.8,63.0,43.8,50.0,84.5,74.1,48.6,25.9,12.9,20.8,4.7,5.2,1.2,11.1
SP,Yandri Vido,9,9,974,435,104,147,67,30.6,58.4,44.7,54.4,87.2,76.1,50.6,23.9,13.9,18.2,7.2,0.0,0.0,7.2
SP,Kevin Voda,23,0,438,189,49,47,26,22.9,60.9,43.2,44.7,83.8,74.1,53.2,25.9,12.7,16.9,-3.4,0.0,0.7,-2.7
SP,Ken Wellon,9,9,954,433,94,113,49,25.0,63.7,45.4,56.6,85.9,78.3,52.6,21.7,10.8,15.9,-9.9,0.0,-1.3,-11.2
SP,Kevin Welsch,5,0,93,42,13,15,7,28.3,67.5,45.2,53.3,77.8,69.0,43.0,31.0,13.2,25.8,0.4,0.0,0.7,1.1
SP,James Wilkinson,8,8,611,265,64,79,32,28.0,56.5,43.4,59.5,82.8,75.8,53.8,24.2,11.3,18.7,-10.2,3.7,0.0,-6.4
SP,Taisei Yamamoto,9,9,878,412,117,132,62,33.0,58.6,46.9,53.0,80.4,71.6,54.4,28.4,15.5,17.0,3.7,6.3,-1.9,8.2
SP,Cheh Ye,0,0,0,0,0,0,0,0.0,0.0,0.0,0.0,0.0,0.0,0.0,0.0,0.0,0.0,0.0,0.0,0.0,0.0
SP,Kohji Yoshihara,17,3,643,290,95,95,50,28.8,62.3,45.1,47.4,76.9,67.2,48.7,32.8,15.2,19.0,9.0,-1.9,-1.3,5.8
SP,Billy Zaffuto,5,0,98,45,12,15,7,32.6,57.7,45.9,53.3,83.3,73.3,53.1,26.7,15.2,15.3,3.1,0.8,0.0,3.9
SP,Alex Zapien,9,9,894,389,90,108,51,24.9,61.1,43.5,52.8,86.1,76.9,51.5,23.1,11.8,16.2,1.5,-6.7,0.0,-5.2
SP,Jonathan Zelina,9,9,704,312,74,81,38,24.2,62.6,44.3,53.1,84.4,76.3,52.4,23.7,11.3,17.6,-12.9,-4.2,0.4,-16.8
SP,Ricky Zika,9,9,809,377,96,102,48,27.8,62.2,46.6,52.9,82.5,74.5,54.6,25.5,13.1,15.1,-9.4,0.7,0.6,-8.1
RP,Nico Aguilar,21,0,339,147,31,35,12,22.3,61.5,43.4,65.7,83.0,78.9,53.7,21.1,7.6,15.0,2.4,0.0,2.8,5.2
RP,Yolber Ajete,9,9,905,423,110,135,68,31.3,60.8,46.7,49.6,85.4,74.0,52.4,26.0,15.8,16.8,10.8,-6.6,-3.7,0.5
RP,Ricardo Alas,6,0,93,48,10,14,7,28.6,77.3,51.6,50.0,91.2,79.2,47.3,20.8,14.3,25.8,1.5,-4.4,-1.1,-3.9
RP,Raul Alcaraz,21,0,383,178,58,57,33,31.0,60.8,46.5,42.1,79.3,67.4,52.0,32.6,17.9,16.7,8.8,-0.1,4.7,13.4
RP,Javy Alejo,8,8,718,307,82,92,41,26.7,57.6,42.8,55.4,80.9,73.3,51.9,26.7,11.9,16.4,11.5,0.0,-3.8,7.7
RP,Mike Alfonso,10,0,177,73,20,23,11,24.5,60.2,41.2,52.2,82.0,72.6,46.9,27.4,11.7,19.2,1.5,2.6,-1.7,2.4
RP,Divino Aljeroz,24,0,475,214,58,54,27,24.1,63.7,45.1,50.0,80.6,72.9,52.8,27.1,12.1,13.7,7.5,1.2,-4.3,4.4
RP,Jose Alonzo,18,0,289,127,33,36,16,24.7,63.6,43.9,55.6,81.3,74.0,49.5,26.0,11.0,17.0,-3.4,0.0,0.5,-3.0
RP,Kelvin Alvarado,20,0,397,173,37,55,20,26.4,62.4,43.6,63.6,85.6,78.6,47.6,21.4,9.6,22.2,-10.6,0.0,0.3,-10.4
RP,Jeff Amendola,8,0,115,44,11,9,4,15.5,61.4,38.3,55.6,80.0,75.0,49.6,25.0,6.9,17.4,-5.7,0.0,-0.3,-6.0
RP,Akorakor Andongwisye,27,0,557,259,69,80,39,30.0,61.7,46.5,51.2,83.2,73.4,52.1,26.6,14.6,17.1,-8.4,0.0,3.8,-4.6
RP,Manny Arango,0,0,0,0,0,0,0,0.0,0.0,0.0,0.0,0.0,0.0,0.0,0.0,0.0,0.0,0.0,0.0,0.0,0.0
RP,Eric Arellano,17,0,187,83,18,18,11,22.0,61.9,44.4,38.9,89.2,78.3,56.1,21.7,13.4,19.3,1.1,0.0,0.2,1.4
RP,Oscar Bara,21,0,362,153,39,48,21,25.4,60.7,42.3,56.3,82.9,74.5,47.8,25.5,11.1,19.6,-2.9,-1.9,0.0,-4.8
RP,Jose Barragan,20,0,483,202,51,73,33,29.8,54.2,41.8,54.8,86.0,74.8,49.3,25.2,13.5,17.8,1.5,-4.2,-0.1,-2.8
RP,Alan Batten,14,0,260,130,33,46,24,33.1,69.4,50.0,47.8,89.3,74.6,46.5,25.4,17.3,18.8,-4.8,0.0,-1.8,-6.6
RP,Olaf Bax,14,0,250,98,24,23,11,19.2,57.7,39.2,52.2,82.7,75.5,52.0,24.5,9.2,16.4,-6.6,-2.4,1.1,-7.9
RP,Juneau Beauchamp,24,0,433,194,55,70,28,32.0,57.9,44.8,60.0,78.2,71.6,49.4,28.4,12.8,21.2,-0.6,7.2,0.0,6.6
RP,Mario Bejarano,6,0,157,67,15,19,7,25.3,58.5,42.7,63.2,83.3,77.6,52.2,22.4,9.3,15.9,-5.2,0.0,-0.8,-6.0
RP,Chris Bender,22,0,387,164,42,48,25,24.6,60.4,42.4,47.9,85.3,74.4,49.6,25.6,12.8,17.6,0.1,-1.7,0.0,-1.6
RP,Hsin Bian,22,0,556,242,61,71,32,26.7,59.0,43.5,54.9,83.0,74.8,52.2,25.2,12.0,18.5,-10.0,4.0,0.1,-5.9
RP,Edwin Bonomi,16,0,374,134,32,40,21,21.9,49.2,35.8,47.5,88.3,76.1,51.1,23.9,11.5,16.3,3.1,0.0,-2.7,0.4
RP,Norman Bos,20,0,427,184,52,63,27,27.9,60.2,43.1,57.1,79.3,71.7,47.1,28.3,11.9,17.8,-0.6,0.0,-1.8,-2.4
RP,Edgar Bosma,22,0,319,141,41,52,26,30.8,59.3,44.2,50.0,83.1,70.9,47.0,29.1,15.4,19.1,12.2,0.0,0.0,12.2
RP,Kurt Bozek,22,0,409,194,44,63,26,34.8,57.5,47.4,58.7,86.3,77.3,55.7,22.7,14.4,19.6,2.8,2.5,0.9,6.2
RP,Joel Breault,7,0,123,53,10,15,3,27.8,55.1,43.1,80.0,81.6,81.1,56.1,18.9,5.6,16.3,-4.2,2.0,-3.6,-5.9
RP,Mike Buckwalter,0,0,0,0,0,0,0,0.0,0.0,0.0,0.0,0.0,0.0,0.0,0.0,0.0,0.0,0.0,0.0,0.0,0.0
RP,Kyle Burch,20,0,304,144,40,43,18,30.3,62.3,47.4,58.1,78.2,72.2,53.3,27.8,12.7,18.4,4.3,0.0,-0.7,3.5
RP,Jose Bustamante,17,1,455,205,47,58,26,25.8,63.9,45.1,55.2,85.7,77.1,50.5,22.9,11.6,15.2,-3.3,0.0,0.0,-3.3
RP,Jimmy Camacho,22,0,570,268,67,93,35,32.7,61.2,47.0,62.4,81.7,75.0,50.2,25.0,12.3,17.2,2.2,0.0,-0.7,1.4
RP,Jordan Camacho,8,0,217,98,26,39,16,33.3,59.0,45.2,59.0,83.1,73.5,46.1,26.5,13.7,16.1,-1.2,0.6,2.3,1.7
RP,Nick Campbell,0,0,0,0,0,0,0,0.0,0.0,0.0,0.0,0.0,0.0,0.0,0.0,0.0,0.0,0.0,0.0,0.0,0.0
RP,Armelio Cantalapiedra,9,0,163,80,27,26,14,31.7,66.7,49.1,46.2,75.9,66.3,49.7,33.8,17.1,18.4,3.2,0.0,-0.8,2.4
RP,Nestor Cantu,27,0,512,224,58,75,32,29.5,57.8,43.8,57.3,82.6,74.1,50.4,25.9,12.6,19.3,-1.4,1.4,2.4,2.5
RP,Mario Carrisalez,24,0,533,244,53,70,31,28.3,60.8,45.8,55.7,87.4,78.3,53.7,21.7,12.6,14.8,-1.3,0.5,0.0,-0.8
RP,Edwin Castaneda,16,0,349,152,55,57,30,31.1,57.2,43.6,47.4,73.7,63.8,47.6,36.2,16.4,17.5,6.6,0.0,1.8,8.4
RP,Luis Castillo,20,0,314,132,48,43,25,27.0,57.4,42.0,41.9,74.2,63.6,49.4,36.4,15.7,17.2,3.8,0.0,1.3,5.1
RP,Ricky Ceniceros,5,1,167,65,11,20,7,25.0,51.7,38.9,65.0,91.1,83.1,52.1,16.9,8.8,10.8,-3.5,0.0,0.3,-3.3
RP,Art Christenbury,12,0,255,111,28,31,15,25.8,59.3,43.5,51.6,83.8,74.8,52.9,25.2,12.5,15.7,-6.9,-0.2,0.0,-7.1
RP,Hwi-gon Chun,11,0,232,110,36,42,16,36.2,58.6,47.4,61.9,70.6,67.3,50.0,32.7,13.8,21.6,1.9,-0.1,0.0,1.8
RP,Juan Colleano,18,0,223,94,28,30,16,26.8,57.7,42.2,46.7,81.3,70.2,49.8,29.8,14.3,17.5,3.1,1.9,0.4,5.4
RP,John Colon,15,0,222,106,31,27,11,25.2,68.7,47.7,59.3,74.7,70.8,51.8,29.2,10.3,13.5,-3.4,0.1,-3.1,-6.3
RP,Carter Commiskey,20,0,591,261,66,85,34,28.9,59.3,44.2,60.0,81.8,74.7,50.3,25.3,11.6,16.8,0.7,0.0,2.6,3.3
RP,Jose Contreras,0,0,0,0,0,0,0,0.0,0.0,0.0,0.0,0.0,0.0,0.0,0.0,0.0,0.0,0.0,0.0,0.0,0.0
RP,Joe Cox,8,0,141,57,24,23,17,30.3,52.3,40.4,26.1,79.4,57.9,46.1,42.1,22.4,17.0,-0.3,-1.2,0.0,-1.5
RP,David Cruz,13,0,279,143,33,33,19,26.8,70.5,51.3,42.4,87.3,76.9,55.9,23.1,15.4,17.9,-0.9,0.0,-2.3,-3.2
RP,Gigi Cuzzocrea,26,0,569,269,74,94,40,34.1,59.7,47.3,57.4,80.6,72.5,51.5,27.5,14.5,16.3,-3.8,4.2,1.9,2.3
RP,Michael Daubner,13,0,237,108,32,36,18,29.5,62.6,45.6,50.0,80.6,70.4,48.5,29.6,14.8,17.7,-1.1,0.1,2.8,1.8
RP,Lesley Deakin,26,0,472,186,62,62,31,24.7,56.1,39.4,50.0,75.0,66.7,46.8,33.3,12.4,15.7,3.7,0.0,1.0,4.8
RP,Yoan Del Rio,7,0,121,59,20,12,6,24.0,66.2,48.8,50.0,70.2,66.1,58.7,33.9,12.0,11.6,0.7,0.0,1.6,2.3
RP,Marc Diamond,17,0,310,138,29,39,15,28.1,57.9,44.5,61.5,85.9,79.0,55.2,21.0,10.8,18.7,-2.1,3.0,-1.3,-0.4
RP,Felipe Diaz,13,0,391,173,35,47,19,26.6,58.9,44.2,59.6,87.3,79.8,54.7,20.2,10.7,14.8,-9.6,-2.0,0.0,-11.6
RP,Jorge Diaz,18,0,292,134,26,51,17,35.2,56.5,45.9,66.7,89.2,80.6,50.3,19.4,11.7,19.2,-2.9,0.0,0.9,-2.0
RP,Abel Downey,22,0,457,193,50,53,19,23.8,59.8,42.2,64.2,77.9,74.1,51.2,25.9,8.5,17.9,-1.1,0.7,-1.2,-1.5
RP,Joe Drum,19,0,305,132,27,37,12,25.7,59.0,43.3,67.6,84.2,79.5,52.8,20.5,8.3,21.3,5.4,-1.1,0.0,4.4
RP,Tien-kai Ec,29,0,566,231,74,58,29,20.9,60.1,40.8,50.0,74.0,68.0,50.9,32.0,10.4,14.8,-3.1,3.2,0.3,0.4
RP,Fabian Estrada,16,0,343,157,32,39,13,25.3,62.4,45.8,66.7,83.9,79.6,55.1,20.4,8.4,16.0,1.3,1.6,0.0,3.0
RP,Bruce Feyereisen,0,0,0,0,0,0,0,0.0,0.0,0.0,0.0,0.0,0.0,0.0,0.0,0.0,0.0,0.0,0.0,0.0,0.0
RP,Ruben Filpo,19,0,285,132,26,47,19,32.9,59.9,46.3,59.6,91.8,80.3,49.8,19.7,13.3,17.9,0.8,-4.3,0.0,-3.5
RP,Mike Flores,20,0,435,175,37,47,21,22.7,56.1,40.2,55.3,87.5,78.9,52.4,21.1,10.1,16.3,1.4,4.1,-5.1,0.4
RP,Ben Ford,15,0,370,167,37,41,15,23.4,64.6,45.1,63.4,82.5,77.8,52.7,22.2,8.6,18.1,0.9,-2.8,-5.3,-7.2
RP,Lou Foster,0,0,0,0,0,0,0,0.0,0.0,0.0,0.0,0.0,0.0,0.0,0.0,0.0,0.0,0.0,0.0,0.0,0.0
RP,Victor Franco,9,9,961,439,101,124,49,27.9,61.0,45.7,60.5,83.5,77.0,53.7,23.0,11.0,16.8,-2.8,0.0,0.4,-2.3
RP,John Frye,13,0,271,110,25,32,11,26.7,51.7,40.6,65.6,82.1,77.3,55.7,22.7,9.2,14.4,4.0,-0.5,1.8,5.4
RP,Akira Fukumoto,23,0,373,180,55,54,34,31.2,63.0,48.3,37.0,83.3,69.4,53.6,30.6,19.7,15.0,-11.4,0.1,-1.7,-13.0
RP,Jorge Gamez,20,0,272,111,29,30,13,22.4,58.7,40.8,56.7,80.2,73.9,50.7,26.1,9.7,17.6,1.4,0.0,0.0,1.4
RP,Al Garay,10,0,208,100,30,28,14,26.9,69.2,48.1,50.0,77.8,70.0,50.0,30.0,13.5,18.3,-3.5,3.0,0.5,0.0
RP,Russ Gillespie,20,0,436,200,57,60,35,28.4,62.2,45.9,41.7,84.3,71.5,51.6,28.5,16.6,14.0,-1.4,3.3,1.5,3.4
RP,Cody Goings,23,0,376,170,60,59,31,31.7,58.4,45.2,47.5,73.9,64.7,50.5,35.3,16.7,16.8,7.3,0.0,-1.7,5.6
RP,Tse-peng Gong,16,0,310,134,34,50,22,30.9,56.8,43.2,56.0,85.7,74.6,47.7,25.4,13.6,17.4,1.4,0.0,-1.3,0.1
RP,Ivan Gonzalez,1,0,5,2,1,0,0,0.0,50.0,40.0,0.0,50.0,50.0,80.0,50.0,0.0,0.0,-1.8,0.0,0.0,-1.9
RP,Ruben Gonzalez,11,0,168,69,22,19,9,22.6,59.5,41.1,52.6,74.0,68.1,50.0,31.9,10.7,14.3,-1.9,-3.0,-0.2,-5.1
RP,Zounes Habyarimana,21,0,330,140,37,51,23,30.5,54.6,42.4,54.9,84.3,73.6,49.4,26.4,13.8,20.0,-0.2,0.0,-1.8,-2.1
RP,Miko Hakala,15,0,219,100,32,34,20,31.2,60.0,45.7,41.2,81.8,68.0,50.2,32.0,18.3,21.0,7.8,0.0,-2.9,4.8
RP,Norihiro Hamamoto,13,0,199,83,16,19,5,20.2,61.0,41.7,73.7,82.8,80.7,52.8,19.3,5.3,13.6,3.1,0.0,1.5,4.6
RP,Alan Hand,4,0,76,27,8,6,3,15.8,55.3,35.5,50.0,76.2,70.4,50.0,29.6,7.9,13.2,1.5,-1.8,-0.2,-0.5
RP,Hawk Hartshorn,18,0,319,136,38,53,26,32.7,52.9,42.6,50.9,85.5,72.1,49.2,27.9,16.0,19.4,1.9,2.6,2.7,7.2
RP,J.D. Haynes,22,0,419,178,62,64,31,30.0,55.3,42.5,51.6,72.8,65.2,49.2,34.8,14.6,21.5,-10.8,3.0,1.4,-6.3
RP,Raudel Hernandez,16,0,312,133,36,47,18,27.8,60.1,42.6,61.7,79.1,72.9,45.8,27.1,10.7,19.6,-1.9,-0.6,-2.5,-5.0
RP,Marc Hoyles,18,0,279,129,39,41,21,30.6,60.7,46.2,48.8,79.5,69.8,52.0,30.2,15.7,14.3,9.3,0.0,0.0,9.2
RP,Jimmy Hsia,20,0,237,108,37,45,24,38.5,52.5,45.6,46.7,79.4,65.7,50.6,34.3,20.5,18.1,3.6,4.4,0.0,8.0
RP,Ian Huycke,25,0,489,216,52,60,27,26.8,58.9,44.2,55.0,84.0,75.9,54.2,24.1,12.1,18.0,-1.7,4.3,1.1,3.6
RP,Atsuya Ishii,14,0,386,174,41,53,20,27.3,63.0,45.1,62.3,82.6,76.4,49.7,23.6,10.3,19.4,1.6,0.0,0.3,1.9
RP,Bobby Jaramillo,18,0,308,133,38,49,25,30.2,57.5,43.2,49.0,84.5,71.4,47.4,28.6,15.4,19.8,-1.9,1.3,0.4,-0.1
RP,Bobby Jess,17,0,423,191,48,61,29,27.5,64.7,45.2,52.5,85.4,74.9,47.5,25.1,13.1,18.9,-6.0,0.0,-5.6,-11.6
RP,Yukichi Jimbo,11,0,99,48,13,11,6,25.0,67.3,48.5,45.5,81.1,72.9,55.6,27.1,13.6,19.2,-0.8,-1.7,0.0,-2.5
RP,Hyun-koo Ka,18,0,397,165,27,44,15,22.4,60.2,41.6,65.9,90.1,83.6,50.6,16.4,7.7,18.9,2.3,0.0,-2.2,0.1
RP,Rikio Kaneko,20,0,251,128,43,43,25,37.1,63.0,51.0,41.9,78.8,66.4,53.8,33.6,21.6,22.3,0.7,5.1,0.0,5.8
RP,Kiyohiro Kaneshiro,9,7,648,288,78,92,39,28.4,60.5,44.4,57.6,80.1,72.9,50.0,27.1,12.0,19.0,-0.4,-6.2,0.0,-6.6
RP,Stephen Keane,22,0,348,161,45,52,25,29.2,64.1,46.3,51.9,81.7,72.0,48.9,28.0,14.0,18.7,0.3,-0.6,0.0,-0.3
RP,Chase Kessler,17,0,258,120,48,34,23,27.9,63.2,46.5,32.4,70.9,60.0,52.7,40.0,18.9,15.1,4.7,0.0,0.6,5.3
RP,Xiang-ling Khoo,18,0,316,139,32,37,14,25.0,60.7,44.0,62.2,82.4,77.0,53.2,23.0,9.5,17.4,0.0,0.0,0.0,0.0
RP,Lyndon Kidd,19,0,506,245,71,76,38,33.2,61.0,48.4,50.0,80.5,71.0,54.7,29.0,16.6,18.8,-4.4,0.0,-2.3,-6.7
RP,Seung-woo Kim,9,0,191,81,27,25,11,25.8,59.6,42.4,56.0,71.4,66.7,49.2,33.3,11.3,20.4,-0.3,-0.3,-0.1,-0.7
RP,Chris Kingsbeer,16,0,333,164,44,52,25,31.1,67.5,49.2,51.9,83.0,73.2,49.8,26.8,15.0,19.2,3.0,0.0,0.0,3.0
RP,David Klontz,12,0,343,147,41,43,23,26.5,57.5,42.9,46.5,82.7,72.1,52.8,27.9,14.2,16.0,3.8,0.0,1.7,5.4
RP,Matt Kloser,5,0,88,46,10,13,5,32.5,68.8,52.3,61.5,84.8,78.3,54.5,21.7,12.5,19.3,-4.3,0.0,0.0,-4.3
RP,Sumiki Kono,17,0,303,129,36,38,14,26.4,57.2,42.6,63.2,75.8,72.1,52.5,27.9,9.7,16.2,9.5,0.0,-1.3,8.2
RP,Mike Kostin,8,0,108,52,13,16,7,32.0,62.1,48.1,56.3,83.3,75.0,53.7,25.0,14.0,16.7,-0.9,1.3,0.4,0.8
RP,Touta Kubo,6,0,117,50,14,14,3,22.6,65.5,42.7,78.6,69.4,72.0,47.0,28.0,4.8,17.1,-0.6,0.1,0.0,-0.5
RP,Gaige Kunkle,15,0,365,166,46,52,22,27.8,64.0,45.5,57.7,78.9,72.3,48.8,27.7,11.8,18.1,5.6,-5.2,0.0,0.4
RP,Lan-fang Lai,7,0,129,63,14,15,6,30.0,60.8,48.8,60.0,83.3,77.8,61.2,22.2,12.0,12.4,-1.2,-0.5,2.1,0.4
RP,Jeremy Lanham,20,0,242,92,21,24,7,20.2,55.3,38.0,70.8,79.4,77.2,50.8,22.8,5.9,18.2,-2.2,0.6,1.8,0.2
RP,Pablo Lara,0,0,0,0,0,0,0,0.0,0.0,0.0,0.0,0.0,0.0,0.0,0.0,0.0,0.0,0.0,0.0,0.0,0.0
RP,Zhi-jan Law,19,0,427,207,58,69,31,32.9,63.6,48.5,55.1,80.4,72.0,50.8,28.0,14.8,19.7,8.0,1.4,0.0,9.3
RP,Bill Lawson,18,0,315,153,40,43,18,28.3,67.5,48.6,58.1,80.0,73.9,51.7,26.1,11.8,18.4,-1.3,0.8,-0.1,-0.6
RP,Justin Lea,21,0,337,166,44,37,17,23.7,71.3,49.3,54.1,79.1,73.5,53.7,26.5,10.9,16.0,-0.3,0.0,-0.9,-1.2
RP,Raiko Leon,5,0,71,26,10,14,6,32.6,42.9,36.6,57.1,66.7,61.5,39.4,38.5,14.0,28.2,1.2,0.0,-0.3,1.0
RP,Fei-hsien Li,20,0,400,183,52,59,30,29.9,61.1,45.8,49.2,82.3,71.6,50.7,28.4,15.2,18.5,4.2,-0.3,0.0,4.0
RP,Xiong Loh,19,0,299,141,36,40,19,27.2,66.4,47.2,52.5,83.2,74.5,50.8,25.5,12.9,18.4,4.0,1.3,3.9,9.3
RP,Jesus Loyola,28,0,479,227,60,63,27,28.1,64.3,47.4,57.1,79.9,73.6,53.2,26.4,12.1,15.7,-1.0,0.1,2.4,1.4
RP,Raul Madera,0,0,0,0,0,0,0,0.0,0.0,0.0,0.0,0.0,0.0,0.0,0.0,0.0,0.0,0.0,0.0,0.0,0.0
RP,Edwin Maes,18,0,319,139,42,50,25,30.7,57.1,43.6,50.0,80.9,69.8,48.9,30.2,15.3,19.7,-8.7,0.5,0.0,-8.2
RP,Tso-i Mak,23,0,305,141,33,38,14,25.3,66.5,46.2,63.2,81.6,76.6,50.8,23.4,9.3,16.1,3.9,3.8,-2.2,5.5
RP,Danny Mathews,5,0,98,53,10,18,6,37.5,70.0,54.1,66.7,88.6,81.1,51.0,18.9,12.5,21.4,0.5,0.0,-2.5,-2.0
RP,Chris Mayea,20,0,282,124,25,40,16,28.4,59.6,44.0,60.0,89.3,79.8,50.0,20.2,11.3,18.8,-5.8,0.0,0.0,-5.8
RP,Chris McHargue,19,3,625,265,53,72,26,24.2,59.0,42.4,63.9,86.0,80.0,52.3,20.0,8.7,17.0,-7.8,0.4,0.0,-7.3
RP,J.P. McNealy,0,0,0,0,0,0,0,0.0,0.0,0.0,0.0,0.0,0.0,0.0,0.0,0.0,0.0,0.0,0.0,0.0,0.0
RP,Mark Mehringer,17,0,317,130,29,40,17,25.0,57.3,41.0,57.5,86.7,77.7,49.5,22.3,10.6,17.4,-2.7,-0.8,0.0,-3.6
RP,Sal Mejia,9,9,814,368,104,118,62,27.7,64.4,45.2,47.5,83.2,71.7,47.7,28.3,14.6,20.5,-5.7,10.5,-3.2,1.7
RP,Mark Melnyk,20,0,294,129,26,34,15,23.3,64.2,43.9,55.9,88.4,79.8,50.3,20.2,10.3,17.3,-1.5,0.0,0.0,-1.5
RP,Ryan Mena,17,0,450,204,33,44,13,21.2,66.1,45.3,70.5,87.5,83.8,53.8,16.2,6.3,15.6,-4.6,0.7,0.0,-3.8
RP,Alex Mendez,22,0,465,186,52,50,27,23.4,54.2,40.0,46.0,81.6,72.0,54.0,28.0,12.6,15.5,0.8,3.2,0.0,4.0
RP,Juan Mendoza,12,0,241,103,29,22,10,21.2,59.1,42.7,54.5,76.5,71.8,56.8,28.2,9.6,15.4,-3.2,0.0,1.5,-1.7
RP,Macario Mendoza,15,0,437,202,41,59,23,28.1,63.0,46.2,61.0,87.4,79.7,51.9,20.3,11.0,17.2,-7.3,0.0,0.0,-7.3
RP,Andy Miao,15,0,394,175,36,48,18,25.1,62.6,44.4,62.5,85.8,79.4,51.5,20.6,9.4,18.8,6.8,1.3,-0.2,7.9
RP,Justin Miller,2,0,29,14,1,7,0,43.8,53.8,48.3,100.0,85.7,92.9,44.8,7.1,0.0,37.9,-1.0,-0.5,-0.2,-1.8
RP,Adam Mimnaugh,16,0,225,106,34,30,14,28.8,62.8,47.1,53.3,73.7,67.9,53.8,32.1,13.5,21.3,0.9,1.8,3.3,6.0
RP,Dave Minarik,0,0,0,0,0,0,0,0.0,0.0,0.0,0.0,0.0,0.0,0.0,0.0,0.0,0.0,0.0,0.0,0.0,0.0
RP,Ricky Minjarez,18,0,309,141,25,33,12,24.3,62.4,45.6,63.6,88.0,82.3,56.0,17.7,8.8,15.2,5.3,-7.1,0.0,-1.8
RP,Danny Monroy,19,0,266,127,34,39,14,30.7,63.3,47.7,64.1,77.3,73.2,52.3,26.8,11.0,15.4,0.7,0.0,0.3,1.1
RP,Armando Montoya,24,0,498,219,56,60,27,26.0,59.6,44.0,55.0,81.8,74.4,53.6,25.6,11.7,16.7,-6.9,0.0,-1.2,-8.1
RP,David Morales,0,0,0,0,0,0,0,0.0,0.0,0.0,0.0,0.0,0.0,0.0,0.0,0.0,0.0,0.0,0.0,0.0,0.0
RP,Ko Morita,21,0,488,218,54,65,25,26.9,62.2,44.7,61.5,81.0,75.2,50.4,24.8,10.3,16.0,4.0,-1.7,0.0,2.4
RP,Midori Murakami,5,0,90,42,16,21,12,45.7,47.7,46.7,42.9,81.0,61.9,48.9,38.1,26.1,20.0,4.4,0.0,0.3,4.7
RP,Albin Muscetta,19,0,603,277,80,93,47,29.5,63.9,45.9,49.5,82.1,71.1,47.8,28.9,14.9,15.9,-2.9,-0.2,-2.5,-5.6
RP,Bokkai Nikaido,7,0,162,69,15,20,8,26.3,57.0,42.6,60.0,85.7,78.3,53.1,21.7,10.5,14.8,-2.4,-4.7,-1.3,-8.4
RP,Katsuo Nozawa,32,0,550,268,70,86,37,32.2,64.3,48.7,57.0,81.9,73.9,51.5,26.1,13.9,18.7,1.4,2.3,0.6,4.4
RP,Olympio Odescalchi,10,0,199,88,17,25,9,27.2,58.9,44.2,64.0,87.3,80.7,53.8,19.3,9.8,14.1,0.2,0.0,-0.2,0.0
RP,Kazushige Ogino,24,0,412,183,62,63,39,30.1,59.1,44.4,38.1,80.8,66.1,49.3,33.9,18.7,17.0,4.0,0.5,0.0,4.5
RP,Julio Olivo,13,0,288,121,31,34,16,25.4,56.5,42.0,52.9,82.8,74.4,53.5,25.6,11.9,19.8,0.4,0.0,-0.9,-0.5
RP,Raul Ontiveros,21,0,476,206,48,63,21,26.1,60.9,43.3,66.7,81.1,76.7,49.4,23.3,8.7,17.4,-0.7,0.0,0.8,0.1
RP,Francis Ortega,15,0,308,139,46,35,20,25.0,61.9,45.1,42.9,75.0,66.9,54.5,33.1,14.3,15.6,3.8,1.3,0.0,5.1
RP,Orosmani Ottamendi,1,0,15,10,1,5,1,55.6,83.3,66.7,80.0,100.0,90.0,40.0,10.0,11.1,20.0,-0.6,-0.2,0.2,-0.7
RP,Yue-jiu Pai,10,0,143,71,21,19,14,28.4,68.4,49.7,26.3,86.5,70.4,53.1,29.6,20.9,14.7,0.7,0.0,2.9,3.6
RP,Carlos Palafox,19,1,479,217,66,73,34,30.8,59.5,45.3,53.4,77.8,69.6,50.5,30.4,14.3,20.0,1.1,0.1,3.2,4.3
RP,Phil Palgani,19,0,338,167,46,52,28,31.5,66.5,49.4,46.2,84.3,72.5,51.2,27.5,17.0,19.5,-6.3,2.4,0.1,-3.8
RP,Tom Parmenter,18,0,463,224,54,64,29,29.8,64.5,48.4,54.7,84.4,75.9,53.6,24.1,13.5,14.9,-2.4,3.8,-4.1,-2.7
RP,Vito Pels,10,0,140,59,17,18,9,28.1,53.9,42.1,50.0,80.5,71.2,54.3,28.8,14.1,17.1,2.4,-0.8,1.9,3.6
RP,Jason Petruska,18,0,272,117,36,43,21,29.1,59.7,43.0,51.2,79.7,69.2,45.6,30.8,14.2,23.2,7.5,0.0,1.8,9.3
RP,Salvatore Pino,19,3,525,230,76,75,44,29.1,58.1,43.8,41.3,79.4,67.0,50.9,33.0,17.1,18.3,-0.8,-0.9,0.6,-1.0
RP,Cruz Ponce,18,0,230,121,31,42,24,35.3,71.2,52.6,42.9,91.1,74.4,48.3,25.6,20.2,23.5,2.1,4.4,0.0,6.5
RP,Raudelin Proenza,29,0,554,257,76,83,41,31.4,60.0,46.4,50.6,79.9,70.4,52.3,29.6,15.5,15.7,-12.5,-4.0,2.3,-14.3
RP,Aaron Ranks,1,0,8,4,0,1,0,33.3,60.0,50.0,100.0,100.0,100.0,62.5,0.0,0.0,37.5,0.2,0.0,0.2,0.4
RP,Shane Reid,11,0,200,101,30,27,12,30.3,66.7,50.5,55.6,75.7,70.3,55.5,29.7,13.5,14.5,0.5,0.0,-1.4,-0.9
RP,Danny Reyes,22,0,488,223,46,58,26,25.9,62.5,45.7,55.2,87.9,79.4,54.1,20.6,11.6,16.6,-3.4,-1.8,0.0,-5.2
RP,Dainier Rivalta,10,0,195,86,24,28,14,30.1,56.9,44.1,50.0,82.8,72.1,52.3,27.9,15.1,18.5,-3.6,2.4,0.1,-1.1
RP,Ivan Rivas,19,0,270,136,39,44,22,34.9,63.9,50.4,50.0,81.5,71.3,53.3,28.7,17.5,17.4,-0.7,4.1,0.0,3.4
RP,Ricardo Riveron,21,0,336,151,42,45,23,28.0,60.6,44.9,48.9,82.1,72.2,52.1,27.8,14.3,17.6,4.2,0.0,1.4,5.6
RP,Victor Romero,25,0,479,218,48,71,31,30.2,60.2,45.5,56.3,88.4,78.0,50.9,22.0,13.2,20.3,2.0,-4.6,0.6,-1.9
RP,Earl Roop,19,0,298,138,36,41,15,28.1,63.8,46.3,63.4,78.4,73.9,51.0,26.1,10.3,20.8,1.1,-0.6,0.0,0.5
RP,Robert Rosas,21,0,437,189,52,58,25,29.6,54.4,43.2,56.9,79.4,72.5,55.1,27.5,12.8,13.3,-4.4,-5.8,0.0,-10.2
RP,Hector Roybal,20,0,525,243,56,79,29,29.2,64.6,46.3,63.3,83.5,77.0,48.4,23.0,10.7,21.1,1.2,-3.1,0.6,-1.3
RP,Derich Rucker,19,0,433,193,52,51,27,25.5,60.9,44.6,47.1,82.4,73.1,53.8,26.9,13.5,15.5,9.1,0.0,-0.4,8.6
RP,Chris Sacks,0,0,0,0,0,0,0,0.0,0.0,0.0,0.0,0.0,0.0,0.0,0.0,0.0,0.0,0.0,0.0,0.0,0.0
RP,Greg Sams,12,0,317,135,24,38,11,24.5,59.9,42.6,71.1,86.6,82.2,51.1,17.8,7.1,18.6,1.7,-0.1,2.7,4.3
RP,Lupe Sandoval,17,0,247,116,35,37,18,32.7,59.0,47.0,51.4,78.5,69.8,54.3,30.2,15.9,14.2,3.6,0.0,0.0,3.7
RP,Willie Santiago,21,0,493,217,48,59,28,23.7,64.8,44.0,52.5,87.3,77.9,49.5,22.1,11.2,16.2,-12.4,0.0,0.0,-12.4
RP,Josh Sapp,0,0,0,0,0,0,0,0.0,0.0,0.0,0.0,0.0,0.0,0.0,0.0,0.0,0.0,0.0,0.0,0.0,0.0
RP,Ricky Sauri,16,1,336,147,26,39,11,24.4,61.4,43.8,71.8,86.1,82.3,52.4,17.7,6.9,16.4,-6.8,-3.6,2.1,-8.3
RP,Jimmy Scott,21,0,429,206,57,62,29,31.5,62.1,48.0,53.2,80.6,72.3,54.1,27.7,14.7,18.9,-0.6,-2.2,0.0,-2.8
RP,Alejandro Silva,12,0,230,105,26,29,15,28.4,59.4,45.7,48.3,85.5,75.2,55.7,24.8,14.7,17.4,6.5,0.0,1.2,7.7
RP,Avery Slade,17,0,244,125,40,38,19,33.6,66.4,51.2,50.0,75.9,68.0,53.7,32.0,16.8,15.6,4.4,0.0,1.1,5.4
RP,Angelo Somoza,1,0,6,3,1,2,0,66.7,33.3,50.0,100.0,0.0,66.7,50.0,33.3,0.0,33.3,0.0,-1.8,-0.1,-1.9
RP,Cody Sosnowski,8,8,656,288,71,86,37,26.9,60.1,43.9,57.0,83.2,75.3,51.2,24.7,11.6,19.2,4.2,0.0,0.0,4.2
RP,Chris Sposato,4,0,119,46,10,15,4,24.6,53.4,38.7,73.3,80.6,78.3,48.7,21.7,6.6,19.3,-5.2,-1.7,-1.0,-7.8
RP,Satoru Sugimoto,8,8,797,373,84,103,50,26.6,65.9,46.8,51.5,87.4,77.5,51.4,22.5,12.9,17.6,0.4,0.0,-0.8,-0.4
RP,Baden Tamblyn,18,0,385,159,61,40,21,22.2,58.0,41.3,47.5,66.4,61.6,53.2,38.4,11.7,15.6,2.5,0.0,-2.2,0.4
RP,Earl Tessier,30,0,621,256,71,72,34,24.3,56.6,41.2,52.8,79.9,72.3,52.3,27.7,11.5,15.8,-4.0,6.2,0.0,2.2
RP,Luke Torres,19,0,361,146,33,38,18,21.0,60.0,40.4,52.6,86.1,77.4,49.9,22.6,9.9,20.5,2.9,-4.0,1.2,0.1
RP,Frank Ulloa,22,2,495,221,68,76,39,30.0,59.9,44.6,48.7,80.0,69.2,48.9,30.8,15.4,17.6,5.3,0.0,-2.5,2.8
RP,Vinny Valdez,7,2,324,127,30,36,15,23.7,52.9,39.2,58.3,83.5,76.4,53.1,23.6,9.9,14.5,2.2,-2.9,-1.4,-2.1
RP,Etienne van Dijk,11,0,345,149,42,43,23,24.6,62.4,43.2,46.5,82.1,71.8,49.3,28.2,13.1,16.5,-2.6,0.5,-4.6,-6.8
RP,Edwin Vazquez,17,0,371,169,49,59,29,33.5,56.4,45.6,50.8,81.8,71.0,52.6,29.0,16.5,17.8,-5.4,-0.2,3.0,-2.6
RP,Alex Villalobos,10,0,153,67,25,18,13,24.3,62.0,43.8,27.8,75.5,62.7,51.6,37.3,17.6,14.4,1.1,1.4,0.0,2.5
RP,Jim Wahl,12,0,203,86,20,34,15,29.8,58.4,42.4,55.9,90.4,76.7,43.8,23.3,13.2,19.2,3.5,-1.5,0.0,2.0
RP,She Wang,12,0,330,149,46,34,19,21.7,66.5,45.2,44.1,76.5,69.1,52.4,30.9,12.1,14.8,5.9,-5.8,0.0,0.1
RP,Terry Waters,10,0,239,97,25,32,16,24.8,59.1,40.6,50.0,86.2,74.2,46.0,25.8,12.4,20.1,-2.3,0.0,0.0,-2.3
RP,Jimmy Witmer,16,0,362,167,42,53,27,31.9,58.2,46.1,49.1,86.8,74.9,54.1,25.1,16.3,16.3,-2.3,2.8,-0.1,0.4
RP,Lewis Wyman,10,1,245,102,23,40,16,29.6,56.4,41.6,60.0,88.7,77.5,44.9,22.5,11.9,20.4,-5.8,0.0,1.1,-4.7
RP,Nate Yakovlev,15,0,262,122,27,38,15,31.7,59.2,46.6,60.5,85.7,77.9,54.2,22.1,12.5,18.3,4.6,0.0,1.2,5.8
RP,Hsui-chen Yang,7,0,123,55,8,16,5,24.6,67.2,44.7,68.8,92.3,85.5,47.2,14.5,7.7,17.9,3.3,-1.7,1.8,3.4
RP,Alcides Zaldivar,9,9,832,355,79,77,36,20.3,61.4,42.7,53.2,84.5,77.7,54.4,22.3,9.5,14.9,6.8,-3.1,8.6,12.4
RP,Martin Zambello,19,0,437,192,51,53,21,25.6,60.4,43.9,60.4,78.4,73.4,52.6,26.6,10.1,15.8,-4.7,0.0,3.4,-1.3
RP,Bill Zamora,22,0,436,180,36,44,20,19.8,63.6,41.3,54.5,88.2,80.0,49.1,20.0,9.0,16.5,0.9,-1.4,0.0,-0.6
RP,Jorge Zamora,0,0,0,0,0,0,0,0.0,0.0,0.0,0.0,0.0,0.0,0.0,0.0,0.0,0.0,0.0,0.0,0.0,0.0
RP,Angelo Zelada,0,0,0,0,0,0,0,0.0,0.0,0.0,0.0,0.0,0.0,0.0,0.0,0.0,0.0,0.0,0.0,0.0,0.0
RP,Jordan Zuniga,29,0,520,229,56,66,26,27.6,58.0,44.0,60.6,81.6,75.5,54.0,24.5,10.9,16.0,-13.8,11.0,0.0,-2.7
CL,Phillip Dalley,20,0,271,131,35,46,17,36.5,58.6,48.3,63.0,78.8,73.3,53.5,26.7,13.5,18.1,-3.3,0.0,0.0,-3.3
CL,Yoichibei Inouye,26,0,481,203,59,56,29,24.6,58.1,42.2,48.2,79.6,70.9,52.6,29.1,12.7,16.4,-0.8,1.0,-2.7,-2.4
CL,Zee-loo Kim,23,0,449,190,53,61,26,26.9,58.1,42.3,57.4,79.1,72.1,49.4,27.9,11.5,20.3,6.6,0.0,0.8,7.4
CL,Ocean Mendoza,17,0,236,116,44,43,20,34.4,65.8,49.2,53.5,67.1,62.1,47.0,37.9,16.0,19.5,-0.6,2.9,0.8,3.0
CL,Fumihiro Mochizuki,2,0,58,28,4,4,1,16.0,72.7,48.3,75.0,87.5,85.7,56.9,14.3,4.0,15.5,1.0,0.0,0.4,1.3
CL,Ignacio Noriega,23,0,374,181,46,58,31,31.9,64.1,48.4,46.6,87.8,74.6,51.3,25.4,17.0,17.9,5.7,0.5,0.0,6.2
CL,Arturo Panameno,9,9,867,408,92,131,48,32.3,60.1,47.1,63.4,84.1,77.5,53.2,22.5,11.8,16.5,-5.6,2.8,3.1,0.2
CL,Josh Trejo,16,0,365,159,40,52,21,29.5,56.6,43.6,59.6,82.2,74.8,51.8,25.2,11.9,18.1,0.0,-0.9,0.4,-0.4
C,Lyalya Markosiants,7,7,546,257,56,81,31,31.0,61.8,47.1,61.7,85.8,78.2,52.2,21.8,11.9,17.9,6.0,-2.9,0.6,3.6
2B,Elvin Perfecto,3,0,50,23,6,5,3,26.3,58.1,46.0,40.0,83.3,73.9,62.0,26.1,15.8,2.0,1.2,0.0,0.2,1.4
LF,Trevor Augustine,3,0,101,52,9,13,4,30.2,67.2,51.5,69.2,87.2,82.7,57.4,17.3,9.3,15.8,-2.0,-1.0,-3.7,-6.6
RF,Xavier Santa,4,1,184,75,11,19,9,22.6,56.0,40.8,52.6,96.4,85.3,54.3,14.7,10.7,16.8,-1.0,0.0,-0.9,-1.9
