POS,#,Name,Inf,B,T,G,WIN%,SV%,BS,SD,MD,IP,BF,DP,RA,GF,IR,IRS%,pLi,QS,QS%,CG,CG%,SHO,PPG,RSG,GO%,SIERA,SB,CS,WPA
SP,10,Hajime Ito,,R,R,9,.714,.000,0,0,0,52.2,228,2,0,0,0,0.0,1.08,5,.556,0,.000,0,100,2.8,0.44,4.19,4,1,0.4
SP,19,Yasuhiro Katayama,,L,L,7,.500,.000,0,0,0,37.1,167,2,0,0,0,0.0,1.06,2,.286,0,.000,0,89,2.1,0.55,4.04,0,1,-0.3
SP,8,Jeong Lee,,R,R,9,.286,.000,0,0,0,45.0,202,2,0,0,0,0.0,0.98,0,.000,0,.000,0,92,2.0,0.54,3.30,1,0,-0.8
SP,26,Su-shun Nie,,L,L,9,.833,.000,0,0,0,57.1,232,6,0,0,0,0.0,1.03,7,.778,0,.000,0,99,3.9,0.47,5.23,0,0,0.6
SP,2,Chua chay Niu,,L,R,9,.800,.000,0,0,0,53.0,221,4,0,0,0,0.0,0.95,4,.444,0,.000,0,95,3.4,0.47,3.02,4,0,0.0
RP,30,Hwi-gon Chun,,R,R,11,.333,.500,1,3,1,12.1,56,2,11,5,7,28.6,1.52,0,.000,0,.000,0,21,0.0,0.55,3.85,0,0,-0.3
RP,6,Tse-peng Gong,,R,R,16,.000,.000,0,5,1,19.0,82,1,16,1,11,9.1,0.86,0,.000,0,.000,0,19,0.0,0.42,3.88,1,0,0.0
RP,24,Jimmy Hsia,,R,R,20,1.000,1.000,0,11,0,15.2,58,1,20,15,8,12.5,1.83,0,.000,0,.000,0,11,0.0,0.43,0.10,0,0,1.6
RP,16,Hyun-koo Ka,,R,R,18,.000,.000,1,3,1,21.0,96,2,18,3,10,30.0,0.72,0,.000,0,.000,0,22,0.0,0.49,5.03,1,0,-0.0
RP,25,Kiyohiro Kaneshiro,,S,L,9,.200,.000,0,0,0,32.1,159,4,2,0,2,100.0,1.04,0,.000,0,.000,0,72,2.1,0.62,4.72,0,0,-0.8
RP,4,Xiong Loh,,L,R,19,1.000,.500,1,6,0,18.0,70,1,19,8,16,18.8,1.23,0,.000,0,.000,0,15,0.0,0.29,2.76,0,0,1.0
RP,3,Midori Murakami,,L,L,5,.000,1.000,0,2,0,6.1,21,0,5,3,4,0.0,0.84,0,.000,0,.000,0,18,0.0,0.30,0.15,0,0,0.2
CL,5,Yoichibei Inouye,,L,R,26,.667,1.000,0,6,3,25.0,116,3,26,4,13,0.0,1.12,0,.000,0,.000,0,18,0.0,0.35,2.91,0,0,-0.1
