POS,Name,G,GS,BIP,GB/FB,LD%,GB%,FB%,IFFB,HR/FB,Soft%,Med%,Solid%,EV,mEV,BAR%,HHi%,xBACON,xSLGCON,xwOBACON,xBA,xSLG,xwOBA,xERA
SP,Hajime Ito,9,9,164,1.20,25.0%,40.9%,34.1%,6.2%,8.9%,24.4%,52.4%,23.2%,85.4,123.9,11.6%,26.2%,.358,.668,.385,.286,.535,.350,4.56
SP,Yasuhiro Katayama,7,7,127,1.61,22.0%,48.0%,29.9%,12.1%,15.8%,23.6%,57.5%,18.9%,84.0,113.5,5.5%,22.0%,.309,.478,.287,.252,.389,.266,2.63
SP,Jeong Lee,9,9,139,1.62,24.5%,46.8%,28.8%,8.1%,17.5%,25.2%,51.1%,23.7%,85.1,115.3,10.1%,23.7%,.363,.618,.366,.272,.462,.307,3.51
SP,Su-shun Nie,9,9,204,1.53,25.5%,45.1%,29.4%,9.8%,8.3%,22.1%,53.9%,24.0%,86.1,117.7,11.8%,27.5%,.363,.613,.355,.332,.561,.340,4.32
SP,Chua chay Niu,9,9,141,1.15,17.7%,44.0%,38.3%,12.7%,13.0%,28.4%,46.1%,25.5%,86.2,116.4,14.9%,26.2%,.357,.722,.411,.252,.509,.330,4.07
RP,Hwi-gon Chun,11,0,34,1.33,17.6%,47.1%,35.3%,5.6%,8.3%,20.6%,44.1%,35.3%,86.5,115.2,11.8%,32.4%,.359,.679,.387,.260,.491,.351,4.60
RP,Tse-peng Gong,16,0,55,0.95,21.8%,38.2%,40.0%,23.5%,18.2%,32.7%,43.6%,23.6%,83.1,116.7,12.7%,27.3%,.357,.702,.406,.269,.529,.351,4.58
RP,Jimmy Hsia,20,0,33,1.50,39.4%,36.4%,24.2%,4.8%,0.0%,36.4%,42.4%,21.2%,83.3,109.1,12.1%,24.2%,.442,.759,.454,.252,.432,.258,2.49
RP,Hyun-koo Ka,18,0,71,1.45,31.0%,40.8%,28.2%,2.4%,5.0%,21.1%,54.9%,23.9%,87.2,114.8,9.9%,31.0%,.378,.600,.362,.315,.501,.350,4.56
RP,Kiyohiro Kaneshiro,9,7,113,3.42,25.7%,57.5%,16.8%,4.2%,15.8%,23.9%,54.9%,21.2%,84.9,115.8,5.3%,21.2%,.366,.522,.330,.297,.424,.325,3.94
RP,Xiong Loh,19,0,47,1.00,23.4%,38.3%,38.3%,27.6%,5.6%,29.8%,51.1%,19.1%,82.3,116.4,8.5%,17.0%,.345,.548,.325,.249,.396,.269,2.70
RP,Midori Murakami,5,0,11,0.50,18.2%,27.3%,54.5%,12.5%,0.0%,27.3%,63.6%,9.1%,81.6,96.7,0.0%,9.1%,.187,.254,.139,.103,.140,.107,0.42
CL,Yoichibei Inouye,26,0,71,0.81,31.0%,31.0%,38.0%,14.3%,18.5%,28.2%,52.1%,19.7%,85.3,113.9,8.5%,25.4%,.334,.593,.347,.230,.409,.293,3.20
