POS,#,Name,Inf,B,T,G,PA,BB,BB%,SH,SF,CI,K,K%,GIDP,EBH,TB,RC,RC/27,ISO,wOBA,WPA,PI/PA,UBR
2B,28,Han-lee Choi,,R,R,41,162,15,9.3,2,2,0,28,17.3,2,13,59,22.6,5.7,.120,.344,0.05,4.10,0.4
C,12,Yasuhiro Tsumoto,,R,R,24,86,19,22.1,0,0,0,22,25.6,1,3,16,7.6,3.8,.045,.315,-0.07,4.42,0.4
RF,15,Etsuji Obata,,L,L,24,106,8,7.5,1,0,0,28,26.4,1,12,53,19.0,7.3,.250,.379,0.99,3.90,0.4
2B,7,Ling-lai Li,,L,R,27,61,4,6.6,0,0,0,9,14.8,1,2,21,8.4,6.0,.036,.352,0.50,4.08,0.2
SS,34,Bitgaram Mangjeol,,R,R,39,141,8,5.7,3,0,0,56,39.7,2,9,31,6.9,1.6,.069,.205,-0.91,4.22,0.2
RF,59,Daniel Wang,,R,L,31,71,6,8.5,1,0,0,12,16.9,3,4,24,7.7,4.2,.094,.321,-0.07,4.00,-0.0
2B,17,Zhong-shan Geng,,L,R,38,135,8,5.9,1,1,0,34,25.2,1,12,50,15.0,4.1,.152,.302,-0.27,3.87,-0.6
C,35,Yoshitsugu Ishida,,S,R,30,119,8,6.7,1,1,0,22,18.5,0,5,30,7.5,2.2,.101,.227,-0.25,3.58,-0.7
LF,18,Hideji Yamanaka,,R,L,26,112,11,9.8,0,1,0,16,14.3,2,16,53,20.2,7.6,.232,.394,0.81,3.84,-0.8
1B,57,Cheng-qian Eng,,L,L,42,168,20,11.9,0,3,0,33,19.6,2,9,58,22.4,5.5,.148,.336,0.20,4.07,-1.0
3B,9,Manichiro Kawasaki,,R,R,42,179,18,10.1,0,2,0,41,22.9,2,20,89,33.4,7.8,.272,.399,0.97,3.84,-2.4
LF,21,Jin-soo Shinn,,R,R,23,101,11,10.9,0,2,0,17,16.8,4,14,59,21.8,8.9,.352,.444,0.72,3.92,-2.4
